{
  "_fv": 79,
  "_type": "biome",
  "definition": {
    "name": "Disaturated Biome",
    "groundBlock": {
      "value": "CUSTOM:Graygrassblock"
    },
    "undergroundBlock": {
      "value": "Blocks.STONE#0"
    },
    "underwaterBlock": {
      "value": "CUSTOM:Gravel"
    },
    "airColor": {
      "value": -3355444,
      "falpha": 0.0
    },
    "grassColor": {
      "value": -10066330,
      "falpha": 0.0
    },
    "waterColor": {
      "value": -3355444,
      "falpha": 0.0
    },
    "waterFogColor": {
      "value": -6710887,
      "falpha": 0.0
    },
    "ambientSound": {
      "value": ""
    },
    "additionsSound": {
      "value": ""
    },
    "music": {
      "value": ""
    },
    "moodSound": {
      "value": ""
    },
    "moodSoundDelay": 6000,
    "spawnParticles": false,
    "particleToSpawn": {
      "value": "ASH"
    },
    "particlesProbability": 0.5,
    "rainingPossibility": 0.5,
    "temperature": 0.5,
    "spawnBiome": true,
    "spawnInCaves": false,
    "spawnBiomeNether": false,
    "genTemperature": {
      "min": -0.5052,
      "max": 2.0
    },
    "genHumidity": {
      "min": -0.5011,
      "max": 2.0
    },
    "genContinentalness": {
      "min": 0.2975,
      "max": 2.0
    },
    "genErosion": {
      "min": -0.5018,
      "max": 2.0
    },
    "genWeirdness": {
      "min": -1.0026,
      "max": 2.0
    },
    "treesPerChunk": 3,
    "vanillaTreeType": "Birch trees",
    "treeType": 1,
    "minHeight": 7,
    "treeStem": {
      "value": "CUSTOM:Graylog"
    },
    "treeBranch": {
      "value": "CUSTOM:GrayLeaves"
    },
    "treeVines": {
      "value": ""
    },
    "treeFruits": {
      "value": ""
    },
    "defaultFeatures": [
      "Caves",
      "Ores",
      "FrozenTopLayer"
    ],
    "spawnStronghold": true,
    "spawnMineshaft": false,
    "spawnMineshaftMesa": false,
    "spawnPillagerOutpost": false,
    "villageType": "plains",
    "spawnWoodlandMansion": false,
    "spawnJungleTemple": false,
    "spawnDesertPyramid": false,
    "spawnSwampHut": false,
    "spawnIgloo": false,
    "spawnOceanMonument": false,
    "spawnShipwreck": false,
    "spawnShipwreckBeached": false,
    "spawnBuriedTreasure": false,
    "oceanRuinType": "NONE",
    "spawnNetherBridge": false,
    "spawnNetherFossil": true,
    "spawnBastionRemnant": false,
    "spawnEndCity": false,
    "spawnRuinedPortal": "STANDARD",
    "spawnEntries": [
      {
        "entity": {
          "value": "EntityChicken"
        },
        "minGroup": 4,
        "maxGroup": 87,
        "weight": 100,
        "spawnType": "creature"
      },
      {
        "entity": {
          "value": "EntityArmadillo"
        },
        "minGroup": 4,
        "maxGroup": 11,
        "weight": 100,
        "spawnType": "monster"
      }
    ]
  }
}