{
  "_fv": 79,
  "_type": "recipe",
  "definition": {
    "recipeType": "Crafting",
    "recipeRetstackSize": 1,
    "group": "",
    "unlockingItems": [],
    "cookingBookCategory": "MISC",
    "xpReward": 0.0,
    "cookingTime": 200,
    "craftingBookCategory": "MISC",
    "recipeShapeless": false,
    "recipeSlots": [
      {
        "value": "Blocks.WOOL#14"
      },
      {
        "value": "Blocks.WOOL#1"
      },
      {
        "value": "Blocks.WOOL#4"
      },
      {
        "value": "Blocks.WOOL#5"
      },
      {
        "value": "Blocks.WOOL#3"
      },
      {
        "value": "Blocks.WOOL#6"
      },
      {
        "value": "Blocks.WOOL#2"
      },
      {
        "value": "Blocks.WOOL#10"
      },
      {
        "value": ""
      }
    ],
    "recipeReturnStack": {
      "value": "CUSTOM:RainbowBlock"
    },
    "name": "rainbow_recpie",
    "namespace": "minecraft"
  }
}