{
  "_fv": 79,
  "_type": "procedure",
  "definition": {
    "procedurexml": "<xml xmlns=\"https://developers.google.com/blockly/xml\"><variables><variable type=\"Number\" id=\"particleRadius\">particleRadius</variable><variable type=\"Number\" id=\"particleAmount\">particleAmount</variable></variables><block type=\"event_trigger\" deletable=\"false\" x=\"88\" y=\"22\"><field name=\"trigger\">player_right_click_entity</field><next><block type=\"controls_if\"><value name=\"IF0\"><block type=\"itemstack_has_enchantment\"><field name=\"enhancement\">CUSTOM:Wardenblaster</field><value name=\"item\"><block type=\"entity_iteminhand\"><value name=\"entity\"><block type=\"source_entity_from_deps\"></block></value></block></value></block></value><statement name=\"DO0\"><block type=\"strike_lightning\"><field name=\"effectOnly\">FALSE</field><value name=\"x\"><block type=\"coord_x\"></block></value><value name=\"y\"><block type=\"coord_y\"></block></value><value name=\"z\"><block type=\"coord_z\"></block></value><next><block type=\"deal_damage\"><value name=\"amount\"><block type=\"math_number\"><field name=\"NUM\">999</field></block></value><value name=\"entity\"><block type=\"entity_from_deps\"></block></value><value name=\"damagesource\"><block type=\"damagesource_from_type\"><field name=\"damagetype\">GENERIC</field></block></value><next><block type=\"variables_set_number\"><mutation xmlns=\"http://www.w3.org/1999/xhtml\" is_player_var=\"false\" has_entity=\"false\"></mutation><field name=\"VAR\">local:particleAmount</field><value name=\"VAL\"><block type=\"math_number\"><field name=\"NUM\">4</field></block></value><next><block type=\"variables_set_number\"><mutation xmlns=\"http://www.w3.org/1999/xhtml\" is_player_var=\"false\" has_entity=\"false\"></mutation><field name=\"VAR\">local:particleRadius</field><value name=\"VAL\"><block type=\"math_number\"><field name=\"NUM\">2</field></block></value><next><block type=\"controls_repeat_ext\"><value name=\"TIMES\"><block type=\"variables_get_number\"><mutation xmlns=\"http://www.w3.org/1999/xhtml\" is_player_var=\"false\" has_entity=\"false\"></mutation><field name=\"VAR\">local:particleAmount</field></block></value><statement name=\"DO\"><block type=\"spawn_particle_multi\" inline=\"false\"><field name=\"particle\">CHERRY_LEAVES</field><value name=\"count\"><block type=\"math_number\"><field name=\"NUM\">5</field></block></value><value name=\"x\"><block type=\"math_dual_ops\"><field name=\"OP\">ADD</field><value name=\"A\"><block type=\"math_dual_ops\"><field name=\"OP\">ADD</field><value name=\"A\"><block type=\"coord_x\"></block></value><value name=\"B\"><block type=\"math_number\"><field name=\"NUM\">0</field></block></value></block></value><value name=\"B\"><block type=\"math_dual_ops\"><field name=\"OP\">MULTIPLY</field><value name=\"A\"><block type=\"math_random_number_between\"><value name=\"min\"><block type=\"math_number\"><field name=\"NUM\">-0.1</field></block></value><value name=\"max\"><block type=\"math_number\"><field name=\"NUM\">0.1</field></block></value></block></value><value name=\"B\"><block type=\"variables_get_number\"><mutation xmlns=\"http://www.w3.org/1999/xhtml\" is_player_var=\"false\" has_entity=\"false\"></mutation><field name=\"VAR\">local:particleAmount</field></block></value></block></value></block></value><value name=\"y\"><block type=\"math_dual_ops\"><field name=\"OP\">ADD</field><value name=\"A\"><block type=\"math_dual_ops\"><field name=\"OP\">ADD</field><value name=\"A\"><block type=\"coord_y\"></block></value><value name=\"B\"><block type=\"math_number\"><field name=\"NUM\">0</field></block></value></block></value><value name=\"B\"><block type=\"math_dual_ops\"><field name=\"OP\">MULTIPLY</field><value name=\"A\"><block type=\"math_random_number_between\"><value name=\"min\"><block type=\"math_number\"><field name=\"NUM\">0</field></block></value><value name=\"max\"><block type=\"math_number\"><field name=\"NUM\">5</field></block></value></block></value><value name=\"B\"><block type=\"variables_get_number\"><mutation xmlns=\"http://www.w3.org/1999/xhtml\" is_player_var=\"false\" has_entity=\"false\"></mutation><field name=\"VAR\">local:particleAmount</field></block></value></block></value></block></value><value name=\"z\"><block type=\"math_dual_ops\"><field name=\"OP\">ADD</field><value name=\"A\"><block type=\"math_dual_ops\"><field name=\"OP\">ADD</field><value name=\"A\"><block type=\"coord_z\"></block></value><value name=\"B\"><block type=\"math_number\"><field name=\"NUM\">0</field></block></value></block></value><value name=\"B\"><block type=\"math_dual_ops\"><field name=\"OP\">MULTIPLY</field><value name=\"A\"><block type=\"math_random_number_between\"><value name=\"min\"><block type=\"math_number\"><field name=\"NUM\">-0.1</field></block></value><value name=\"max\"><block type=\"math_number\"><field name=\"NUM\">0.1</field></block></value></block></value><value name=\"B\"><block type=\"variables_get_number\"><mutation xmlns=\"http://www.w3.org/1999/xhtml\" is_player_var=\"false\" has_entity=\"false\"></mutation><field name=\"VAR\">local:particleAmount</field></block></value></block></value></block></value><value name=\"dx\"><block type=\"math_number\"><field name=\"NUM\">3</field></block></value><value name=\"dy\"><block type=\"math_number\"><field name=\"NUM\">3</field></block></value><value name=\"dz\"><block type=\"math_number\"><field name=\"NUM\">3</field></block></value><value name=\"speed\"><block type=\"math_number\"><field name=\"NUM\">0</field></block></value></block></statement></block></next></block></next></block></next></block></next></block></statement></block></next></block><block type=\"coord_y\" x=\"510\" y=\"567\"></block><block type=\"coord_x\" x=\"553\" y=\"573\"></block><block type=\"coord_z\" x=\"558\" y=\"625\"></block></xml>",
    "skipDependencyNullCheck": false
  }
}