{
  "type": "minecraft:crafting_shaped",
  "category": "misc",
  "pattern": [
    "abc",
    "def",
    "ghi"
  ],
  "key": {
    "a": "minecraft:redstone_ore",
    "b": "minecraft:gold_ore",
    "c": "minecraft:lapis_ore",
    "d": "minecraft:deepslate_iron_ore",
    "e": "#c:stones",
    "f": "minecraft:diamond_ore",
    "g": "minecraft:deepslate_coal_ore",
    "h": "minecraft:copper_ore",
    "i": "minecraft:emerald_ore"
  },
  "result": {
    "id": "javier_mc_modder_gamers:faces",
    "count": 1
  }
}