{
  "parent": "block/cube",
  "textures": {
    "down": "fitzwilliam_mc_modder_gamers:block/amongusblock",
    "up": "fitzwilliam_mc_modder_gamers:block/amongusblock",
    "north": "fitzwilliam_mc_modder_gamers:block/amongusblock",
    "east": "fitzwilliam_mc_modder_gamers:block/amongusblock",
    "south": "fitzwilliam_mc_modder_gamers:block/amongusblock",
    "west": "fitzwilliam_mc_modder_gamers:block/amongusblock",
    "particle": "fitzwilliam_mc_modder_gamers:block/amongusblock"
  },
  "render_type": "solid"
}