{
  "_fv": 79,
  "_type": "recipe",
  "definition": {
    "recipeType": "Crafting",
    "recipeRetstackSize": 99,
    "group": "",
    "unlockingItems": [
      {
        "value": "Blocks.OAK_WOOD"
      },
      {
        "value": "Blocks.GRASS"
      }
    ],
    "cookingBookCategory": "MISC",
    "xpReward": 0.0,
    "cookingTime": 200,
    "craftingBookCategory": "MISC",
    "recipeShapeless": false,
    "recipeSlots": [
      {
        "value": "Blocks.GRASS"
      },
      {
        "value": "Blocks.GRASS"
      },
      {
        "value": "Blocks.GRASS"
      },
      {
        "value": "Blocks.GRASS"
      },
      {
        "value": ""
      },
      {
        "value": "Blocks.GRASS"
      },
      {
        "value": "Blocks.GRASS"
      },
      {
        "value": "Blocks.GRASS"
      },
      {
        "value": "Blocks.GRASS"
      }
    ],
    "recipeReturnStack": {
      "value": "Blocks.BARRIER"
    },
    "name": "br",
    "namespace": "mod"
  }
}