{
  "_fv": 79,
  "_type": "recipe",
  "definition": {
    "recipeType": "Crafting",
    "recipeRetstackSize": 1,
    "group": "",
    "unlockingItems": [
      {
        "value": "Blocks.DIAMOND_ORE"
      },
      {
        "value": "Blocks.EMERALD_ORE"
      },
      {
        "value": "Blocks.GOLD_ORE"
      },
      {
        "value": "Blocks.REDSTONE_ORE"
      },
      {
        "value": "Blocks.LAPIS_ORE"
      }
    ],
    "cookingBookCategory": "MISC",
    "xpReward": 0.0,
    "cookingTime": 200,
    "craftingBookCategory": "MISC",
    "recipeShapeless": false,
    "recipeSlots": [
      {
        "value": "Blocks.REDSTONE_ORE"
      },
      {
        "value": "Blocks.GOLD_ORE"
      },
      {
        "value": "Blocks.LAPIS_ORE"
      },
      {
        "value": "Blocks.DEEPSLATE_IRON_ORE"
      },
      {
        "value": "Blocks.STONE"
      },
      {
        "value": "Blocks.DIAMOND_ORE"
      },
      {
        "value": "Blocks.DEEPSLATE_COAL_ORE"
      },
      {
        "value": "Blocks.COPPER_ORE"
      },
      {
        "value": "Blocks.EMERALD_ORE"
      }
    ],
    "recipeReturnStack": {
      "value": "CUSTOM:Faces"
    },
    "name": "facesrecipe",
    "namespace": "mod"
  }
}