{
  "_fv": 79,
  "_type": "biome",
  "definition": {
    "name": "Happybiome",
    "groundBlock": {
      "value": "CUSTOM:Purplegrass"
    },
    "undergroundBlock": {
      "value": "Blocks.MUDDY_MANGROVE_ROOTS"
    },
    "underwaterBlock": {
      "value": "CUSTOM:Lblueunderwater"
    },
    "airColor": {
      "value": -13369345,
      "falpha": 0.0
    },
    "grassColor": {
      "value": -26368,
      "falpha": 0.0
    },
    "waterColor": {
      "value": -13369447,
      "falpha": 0.0
    },
    "ambientSound": {
      "value": ""
    },
    "additionsSound": {
      "value": ""
    },
    "music": {
      "value": ""
    },
    "moodSound": {
      "value": ""
    },
    "moodSoundDelay": 6000,
    "spawnParticles": false,
    "particleToSpawn": {
      "value": "ASH"
    },
    "particlesProbability": 0.5,
    "rainingPossibility": 0.5,
    "temperature": 0.5,
    "spawnBiome": true,
    "spawnInCaves": false,
    "spawnBiomeNether": false,
    "genTemperature": {
      "min": -2.0,
      "max": 2.0
    },
    "genHumidity": {
      "min": -2.0,
      "max": 2.0
    },
    "genContinentalness": {
      "min": 0.3,
      "max": 1.0
    },
    "genErosion": {
      "min": -0.5,
      "max": 0.5
    },
    "genWeirdness": {
      "min": -1.0,
      "max": 1.0
    },
    "treesPerChunk": 9,
    "vanillaTreeType": "Birch trees",
    "treeType": 1,
    "minHeight": 7,
    "treeStem": {
      "value": "CUSTOM:Limewood"
    },
    "treeBranch": {
      "value": "CUSTOM:Pinkleaves"
    },
    "treeVines": {
      "value": ""
    },
    "treeFruits": {
      "value": ""
    },
    "defaultFeatures": [
      "Caves",
      "Ores",
      "FrozenTopLayer"
    ],
    "spawnStronghold": false,
    "spawnMineshaft": true,
    "spawnMineshaftMesa": true,
    "spawnPillagerOutpost": false,
    "villageType": "taiga",
    "spawnWoodlandMansion": false,
    "spawnJungleTemple": true,
    "spawnDesertPyramid": false,
    "spawnSwampHut": true,
    "spawnIgloo": false,
    "spawnOceanMonument": false,
    "spawnShipwreck": false,
    "spawnShipwreckBeached": true,
    "spawnBuriedTreasure": true,
    "oceanRuinType": "NONE",
    "spawnNetherBridge": false,
    "spawnNetherFossil": true,
    "spawnBastionRemnant": false,
    "spawnEndCity": false,
    "spawnRuinedPortal": "STANDARD",
    "spawnEntries": [
      {
        "entity": {
          "value": "CUSTOM:Fireball"
        },
        "minGroup": 4,
        "maxGroup": 4,
        "weight": 20,
        "spawnType": "monster"
      },
      {
        "entity": {
          "value": "CUSTOM:Fireball"
        },
        "minGroup": 4,
        "maxGroup": 4,
        "weight": 20,
        "spawnType": "monster"
      }
    ]
  }
}