{
  "_fv": 79,
  "_type": "dimension",
  "definition": {
    "biomesInDimension": [
      {
        "value": "CUSTOM:Happybiome"
      }
    ],
    "worldGenType": "Nether like gen",
    "mainFillerBlock": {
      "value": "CUSTOM:Lblueunderwater"
    },
    "fluidBlock": {
      "value": "Blocks.WATER"
    },
    "seaLevel": 0,
    "generateOreVeins": true,
    "generateAquifers": true,
    "horizontalNoiseSize": 2,
    "verticalNoiseSize": 2,
    "defaultEffects": "overworld",
    "useCustomEffects": true,
    "hasClouds": false,
    "cloudHeight": 192.0,
    "skyType": "END",
    "airColor": {
      "value": -13369345,
      "falpha": 0.0
    },
    "sunHeightAffectsFog": false,
    "canRespawnHere": true,
    "hasFog": false,
    "ambientLight": 0.0,
    "doesWaterVaporize": false,
    "hasFixedTime": false,
    "fixedTimeValue": 0,
    "coordinateScale": 1.0,
    "infiniburnTag": "minecraft:infiniburn_nether",
    "bedWorks": true,
    "hasSkyLight": true,
    "imitateOverworldBehaviour": false,
    "piglinSafe": false,
    "hasRaids": true,
    "minMonsterSpawnLightLimit": 0,
    "maxMonsterSpawnLightLimit": 7,
    "monsterSpawnBlockLightLimit": 0,
    "portalFrame": {
      "value": "CUSTOM:Faces"
    },
    "portalParticles": {
      "value": "PORTAL"
    },
    "portalLuminance": 0,
    "portalSound": {
      "value": "block.portal.ambient"
    },
    "enableIgniter": true,
    "igniterName": "Happy Dimension Portal Igniter",
    "igniterRarity": "COMMON",
    "specialInformation": {
      "fixedValue": []
    },
    "creativeTabs": [
      {
        "value": "TOOLS"
      }
    ],
    "texture": "pwand_",
    "portalTexture": "lime_tex",
    "enablePortal": true
  }
}