{
  "description": {
    "translate": "enchantment.fitzwilliam_mc_modder_gamers.g"
  },
  "supported_items": [
    "fitzwilliam_mc_modder_gamers:u_helmet",
    "fitzwilliam_mc_modder_gamers:u_chestplate",
    "fitzwilliam_mc_modder_gamers:u_leggings",
    "fitzwilliam_mc_modder_gamers:u_boots",
    "minecraft:netherite_helmet",
    "minecraft:netherite_chestplate",
    "minecraft:netherite_leggings",
    "minecraft:netherite_boots"
  ],
  "weight": 1,
  "max_level": 4,
  "min_cost": {
    "base": 1,
    "per_level_above_first": 10
  },
  "max_cost": {
    "base": 6,
    "per_level_above_first": 10
  },
  "anvil_cost": 1,
  "slots": [
    "any"
  ],
  "exclusive_set": [
    "aqua_affinity",
    "knockback",
    "looting",
    "mending",
    "thorns",
    "unbreaking",
    "soul_speed"
  ]
}