{
  "description": {
    "translate": "enchantment.fitzwilliam_mc_modder_gamers.m"
  },
  "supported_items": [
    "fitzwilliam_mc_modder_gamers:u_helmet",
    "fitzwilliam_mc_modder_gamers:u_chestplate",
    "fitzwilliam_mc_modder_gamers:u_leggings",
    "fitzwilliam_mc_modder_gamers:u_boots",
    "minecraft:iron_helmet",
    "minecraft:iron_chestplate",
    "minecraft:iron_leggings",
    "minecraft:iron_boots"
  ],
  "weight": 10,
  "max_level": 4,
  "min_cost": {
    "base": 1,
    "per_level_above_first": 10
  },
  "max_cost": {
    "base": 6,
    "per_level_above_first": 10
  },
  "anvil_cost": 1,
  "slots": [
    "any"
  ],
  "exclusive_set": []
}