{
  "parent": "block/cube",
  "textures": {
    "down": "marion_mc_modder_gamers:block/fojniihubjghytvrfj",
    "up": "marion_mc_modder_gamers:block/fojniihubjghytvrfj",
    "north": "marion_mc_modder_gamers:block/fojniihubjghytvrfj",
    "east": "marion_mc_modder_gamers:block/fojniihubjghytvrfj",
    "south": "marion_mc_modder_gamers:block/fojniihubjghytvrfj",
    "west": "marion_mc_modder_gamers:block/fojniihubjghytvrfj",
    "particle": "marion_mc_modder_gamers:block/fojniihubjghytvrfj"
  },
  "render_type": "solid"
}