{
  "parent": "block/cube",
  "textures": {
    "down": "extramcmasters:block/blockofaquamarinetexture",
    "up": "extramcmasters:block/blockofaquamarinetexture",
    "north": "extramcmasters:block/blockofaquamarinetexture",
    "east": "extramcmasters:block/blockofaquamarinetexture",
    "south": "extramcmasters:block/blockofaquamarinetexture",
    "west": "extramcmasters:block/blockofaquamarinetexture",
    "particle": "extramcmasters:block/blockofaquamarinetexture"
  },
  "render_type": "solid"
}