{
  "type": "minecraft:tree",
  "config": {
    "force_dirt": false,
    "ignore_vines": true,
    "minimum_size": {
      "type": "minecraft:two_layers_feature_size",
      "limit": 1,
      "lower_size": 0,
      "upper_size": 2
    },
    "dirt_provider": {
      "type": "minecraft:simple_state_provider",
      "state": {
        "Name": "fern_mc_modder_gamers:scratchmud"
      }
    },
    "trunk_provider": {
      "type": "minecraft:simple_state_provider",
      "state": {
        "Name": "fern_mc_modder_gamers:scratchlog"
      }
    },
    "foliage_provider": {
      "type": "minecraft:simple_state_provider",
      "state": {
        "Name": "fern_mc_modder_gamers:scratchleaf"
      }
    },
    "trunk_placer": {
      "type": "minecraft:forking_trunk_placer",
      "base_height": 7,
      "height_rand_a": 2,
      "height_rand_b": 2
    },
    "foliage_placer": {
      "type": "minecraft:acacia_foliage_placer",
      "radius": 2,
      "offset": 0
    },
    "decorators": []
  }
}