{
  "_fv": 79,
  "_type": "fluid",
  "definition": {
    "name": "Acid",
    "bucketName": "Acid Bucket",
    "textureStill": "minecraft:bamboo_small_leaves",
    "textureFlowing": "minecraft:big_dripleaf_top",
    "textureRenderOverlay": "",
    "hasFog": true,
    "fogColor": {
      "value": -13369600,
      "falpha": 0.0
    },
    "fogStartDistance": {
      "fixedValue": 0.0
    },
    "fogEndDistance": {
      "fixedValue": 48.0
    },
    "tintType": "No tint",
    "canMultiply": false,
    "flowRate": 5,
    "levelDecrease": 1,
    "slopeFindDistance": 4,
    "spawnParticles": false,
    "dripParticle": {
      "value": "BUBBLE_POP"
    },
    "flowStrength": 1.0,
    "luminosity": 7,
    "density": 1000,
    "viscosity": 1000,
    "temperature": 300,
    "type": "LAVA",
    "generateBucket": true,
    "textureBucket": "",
    "creativeTabs": [],
    "emptySound": {
      "value": ""
    },
    "rarity": "RARE",
    "specialInformation": {
      "fixedValue": []
    },
    "resistance": 100.0,
    "luminance": 0,
    "lightOpacity": 1,
    "emissiveRendering": true,
    "tickRate": 0,
    "ignitedByLava": true,
    "flammability": 0,
    "fireSpreadSpeed": 0,
    "colorOnMap": "LIME"
  }
}