{
  "_fv": 79,
  "_type": "procedure",
  "definition": {
    "procedurexml": "<xml xmlns=\"https://developers.google.com/blockly/xml\"><block type=\"event_trigger\" deletable=\"false\" x=\"85\" y=\"71\"><field name=\"trigger\">no_ext_trigger</field><next><block type=\"controls_if\"><mutation else=\"1\"></mutation><value name=\"IF0\"><block type=\"entity_has_nogravity\"><value name=\"entity\"><block type=\"entity_from_deps\"></block></value></block></value><statement name=\"DO0\"><block type=\"entity_data_logic_set\"><field name=\"customEntity\">CUSTOM:Lildragon</field><field name=\"accessor\">AnimFlying</field><value name=\"entity\"><block type=\"entity_from_deps\"></block></value><value name=\"value\"><block type=\"logic_boolean\"><field name=\"BOOL\">TRUE</field></block></value><next><block type=\"wait\"><value name=\"ticks\"><block type=\"math_number\"><field name=\"NUM\">600</field></block></value><statement name=\"do\"><block type=\"entity_set_nogravity\"><value name=\"entity\"><block type=\"entity_from_deps\"></block></value><value name=\"gravityValue\"><block type=\"logic_boolean\"><field name=\"BOOL\">FALSE</field></block></value></block></statement></block></next></block></statement><statement name=\"ELSE\"><block type=\"controls_if\"><mutation else=\"1\"></mutation><value name=\"IF0\"><block type=\"math_binary_ops\"><field name=\"OP\">LTE</field><value name=\"A\"><block type=\"entity_data_integer_get\"><field name=\"customEntity\">CUSTOM:Lildragon</field><field name=\"accessor\">AnimTimer</field><value name=\"entity\"><block type=\"entity_from_deps\"></block></value></block></value><value name=\"B\"><block type=\"math_number\"><field name=\"NUM\">0</field></block></value></block></value><statement name=\"DO0\"><block type=\"controls_if\"><mutation else=\"1\"></mutation><value name=\"IF0\"><block type=\"math_binary_ops\"><field name=\"OP\">EQ</field><value name=\"A\"><block type=\"math_random_int_between\"><value name=\"min\"><block type=\"math_number\"><field name=\"NUM\">1</field></block></value><value name=\"max\"><block type=\"math_number\"><field name=\"NUM\">10</field></block></value></block></value><value name=\"B\"><block type=\"math_number\"><field name=\"NUM\">1</field></block></value></block></value><statement name=\"DO0\"><block type=\"entity_data_logic_set\"><field name=\"customEntity\">CUSTOM:Lildragon</field><field name=\"accessor\">AnimFlying</field><value name=\"entity\"><block type=\"entity_from_deps\"></block></value><value name=\"value\"><block type=\"logic_boolean\"><field name=\"BOOL\">TRUE</field></block></value></block></statement><statement name=\"ELSE\"><block type=\"entity_data_logic_set\"><field name=\"customEntity\">CUSTOM:Lildragon</field><field name=\"accessor\">AnimFlying</field><value name=\"entity\"><block type=\"entity_from_deps\"></block></value><value name=\"value\"><block type=\"logic_boolean\"><field name=\"BOOL\">FALSE</field></block></value></block></statement><next><block type=\"controls_if\"><mutation else=\"1\"></mutation><value name=\"IF0\"><block type=\"math_binary_ops\"><field name=\"OP\">EQ</field><value name=\"A\"><block type=\"math_random_int_between\"><value name=\"min\"><block type=\"math_number\"><field name=\"NUM\">1</field></block></value><value name=\"max\"><block type=\"math_number\"><field name=\"NUM\">10</field></block></value></block></value><value name=\"B\"><block type=\"math_number\"><field name=\"NUM\">1</field></block></value></block></value><statement name=\"DO0\"><block type=\"entity_data_logic_set\"><field name=\"customEntity\">CUSTOM:Lildragon</field><field name=\"accessor\">AnimWalking</field><value name=\"entity\"><block type=\"entity_from_deps\"></block></value><value name=\"value\"><block type=\"logic_boolean\"><field name=\"BOOL\">TRUE</field></block></value></block></statement><statement name=\"ELSE\"><block type=\"entity_data_logic_set\"><field name=\"customEntity\">CUSTOM:Lildragon</field><field name=\"accessor\">AnimWalking</field><value name=\"entity\"><block type=\"entity_from_deps\"></block></value><value name=\"value\"><block type=\"logic_boolean\"><field name=\"BOOL\">FALSE</field></block></value></block></statement><next><block type=\"entity_data_integer_set\"><field name=\"customEntity\">CUSTOM:Lildragon</field><field name=\"accessor\">AnimTimer</field><value name=\"entity\"><block type=\"entity_from_deps\"></block></value><value name=\"value\"><block type=\"math_number\"><field name=\"NUM\">200</field></block></value></block></next></block></next></block></statement><statement name=\"ELSE\"><block type=\"entity_data_logic_set\"><field name=\"customEntity\">CUSTOM:Lildragon</field><field name=\"accessor\">AnimIdle</field><value name=\"entity\"><block type=\"entity_from_deps\"></block></value><value name=\"value\"><block type=\"logic_boolean\"><field name=\"BOOL\">TRUE</field></block></value><next><block type=\"entity_data_integer_set\"><field name=\"customEntity\">CUSTOM:Lildragon</field><field name=\"accessor\">AnimTimer</field><value name=\"entity\"><block type=\"entity_from_deps\"></block></value><value name=\"value\"><block type=\"math_dual_ops\"><field name=\"OP\">MINUS</field><value name=\"A\"><block type=\"entity_data_integer_get\"><field name=\"customEntity\">CUSTOM:Lildragon</field><field name=\"accessor\">AnimTimer</field><value name=\"entity\"><block type=\"entity_from_deps\"></block></value></block></value><value name=\"B\"><block type=\"math_number\"><field name=\"NUM\">1</field></block></value></block></value></block></next></block></statement></block></statement></block></next></block></xml>",
    "skipDependencyNullCheck": false
  }
}