{
  "_fv": 79,
  "_type": "procedure",
  "definition": {
    "procedurexml": "<xml xmlns=\"https://developers.google.com/blockly/xml\"><block type=\"event_trigger\" deletable=\"false\" x=\"40\" y=\"40\"><field name=\"trigger\">no_ext_trigger</field><next><block type=\"entity_data_integer_set\"><field name=\"customEntity\">CUSTOM:Lildragon</field><field name=\"accessor\">AnimTimer</field><value name=\"entity\"><block type=\"entity_from_deps\"></block></value><value name=\"value\"><block type=\"math_number\"><field name=\"NUM\">0</field></block></value></block></next></block></xml>",
    "skipDependencyNullCheck": false
  }
}