{
  "_fv": 79,
  "_type": "dimension",
  "definition": {
    "biomesInDimension": [
      {
        "value": "CUSTOM:Moonlit"
      }
    ],
    "worldGenType": "Normal world gen",
    "mainFillerBlock": {
      "value": "CUSTOM:Moonlitgrass"
    },
    "fluidBlock": {
      "value": "Blocks.WATER"
    },
    "seaLevel": 32,
    "generateOreVeins": true,
    "generateAquifers": true,
    "horizontalNoiseSize": 4,
    "verticalNoiseSize": 1,
    "defaultEffects": "overworld",
    "useCustomEffects": true,
    "hasClouds": true,
    "cloudHeight": 192.0,
    "skyType": "END",
    "sunHeightAffectsFog": false,
    "canRespawnHere": false,
    "hasFog": false,
    "ambientLight": 0.0,
    "doesWaterVaporize": false,
    "hasFixedTime": false,
    "fixedTimeValue": 0,
    "coordinateScale": 1.0,
    "infiniburnTag": "minecraft:infiniburn_overworld",
    "bedWorks": true,
    "hasSkyLight": true,
    "imitateOverworldBehaviour": true,
    "piglinSafe": false,
    "hasRaids": false,
    "minMonsterSpawnLightLimit": 0,
    "maxMonsterSpawnLightLimit": 0,
    "monsterSpawnBlockLightLimit": 0,
    "portalFrame": {
      "value": "Blocks.OBSIDIAN"
    },
    "portalParticles": {
      "value": "PORTAL"
    },
    "portalLuminance": 7,
    "portalSound": {
      "value": "block.portal.ambient"
    },
    "enableIgniter": true,
    "igniterName": "bottle O' moonlight",
    "igniterRarity": "COMMON",
    "specialInformation": {
      "fixedValue": []
    },
    "creativeTabs": [
      {
        "value": "TOOLS"
      }
    ],
    "texture": "bottleofmoonlight",
    "portalTexture": "moonlitportalstill",
    "enablePortal": true
  }
}