{
  "parent": "minecraft:recipes/root",
  "criteria": {
    "has_the_recipe": {
      "conditions": {
        "recipe": "avoriv_moder_gamer:waveaxesjsdnvja"
      },
      "trigger": "minecraft:recipe_unlocked"
    },
    "has_ingredient_0": {
      "conditions": {
        "items": [
          {
            "items": "avoriv_moder_gamer:wateringot"
          }
        ]
      },
      "trigger": "minecraft:inventory_changed"
    },
    "has_ingredient_1": {
      "conditions": {
        "items": [
          {
            "items": "minecraft:stick"
          }
        ]
      },
      "trigger": "minecraft:inventory_changed"
    },
    "has_ingredient_2": {
      "conditions": {
        "items": [
          {
            "items": "minecraft:water_bucket"
          }
        ]
      },
      "trigger": "minecraft:inventory_changed"
    }
  },
  "requirements": [
    [
      "has_the_recipe",
      "has_ingredient_0",
      "has_ingredient_1",
      "has_ingredient_2"
    ]
  ],
  "rewards": {
    "recipes": [
      "avoriv_moder_gamer:waveaxesjsdnvja"
    ]
  }
}