{
  "type": "fitzwilliam_mc_modder_gamers:jh",
  "generator": {
    "type": "minecraft:noise",
    "biome_source": {
      "type": "minecraft:multi_noise",
      "biomes": [
        {
          "biome": "badlands",
          "parameters": {
            "temperature": [
              0.55,
              1
            ],
            "humidity": [
              -1,
              -0.35
            ],
            "continentalness": [
              -0.11,
              1
            ],
            "erosion": [
              -1,
              -0.7799
            ],
            "weirdness": [
              -1,
              -0.9333
            ],
            "depth": 0,
            "offset": 0
          }
        },
        {
          "biome": "bamboo_jungle",
          "parameters": {
            "temperature": [
              0.2,
              0.55
            ],
            "humidity": [
              0.3,
              1
            ],
            "continentalness": [
              0.03,
              1
            ],
            "erosion": [
              -1,
              -0.375
            ],
            "weirdness": [
              -0.05,
              0.05
            ],
            "depth": 0,
            "offset": 0
          }
        },
        {
          "biome": "basalt_deltas",
          "parameters": {
            "temperature": -0.5,
            "humidity": 0,
            "continentalness": 0,
            "erosion": 0,
            "weirdness": 0,
            "depth": 0,
            "offset": 0.175
          }
        },
        {
          "biome": "beach",
          "parameters": {
            "temperature": [
              -0.45,
              -0.15
            ],
            "humidity": [
              -1,
              -0.35
            ],
            "continentalness": [
              -0.19,
              -0.11
            ],
            "erosion": [
              0.05,
              0.45
            ],
            "weirdness": [
              -1,
              -0.9333
            ],
            "depth": 0,
            "offset": 0
          }
        },
        {
          "biome": "dark_forest",
          "parameters": {
            "temperature": [
              -0.15,
              0.2
            ],
            "humidity": [
              0.3,
              1
            ],
            "continentalness": [
              -0.11,
              0.3
            ],
            "erosion": [
              -0.7799,
              -0.375
            ],
            "weirdness": [
              -1,
              -0.9333
            ],
            "depth": 0,
            "offset": 0
          }
        },
        {
          "biome": "desert",
          "parameters": {
            "temperature": [
              0.55,
              1
            ],
            "humidity": [
              -1,
              -0.35
            ],
            "continentalness": [
              -0.11,
              0.03
            ],
            "erosion": [
              -0.375,
              -0.2225
            ],
            "weirdness": [
              -1,
              -0.9333
            ],
            "depth": 0,
            "offset": 0
          }
        },
        {
          "biome": "dripstone_caves",
          "parameters": {
            "temperature": [
              -1,
              1
            ],
            "humidity": [
              -1,
              1
            ],
            "continentalness": [
              0.8,
              1
            ],
            "erosion": [
              -1,
              1
            ],
            "weirdness": [
              -1,
              1
            ],
            "depth": [
              0.2,
              0.9
            ],
            "offset": 0
          }
        },
        {
          "biome": "nether_wastes",
          "parameters": {
            "temperature": 0,
            "humidity": 0,
            "continentalness": 0,
            "erosion": 0,
            "weirdness": 0,
            "depth": 0,
            "offset": 0
          }
        },
        {
          "biome": "crimson_forest",
          "parameters": {
            "temperature": 0.4,
            "humidity": 0,
            "continentalness": 0,
            "erosion": 0,
            "weirdness": 0,
            "depth": 0,
            "offset": 0
          }
        },
        {
          "biome": "flower_forest",
          "parameters": {
            "temperature": [
              -0.15,
              0.2
            ],
            "humidity": [
              -1,
              -0.35
            ],
            "continentalness": [
              -0.11,
              0.3
            ],
            "erosion": [
              -0.7799,
              -0.375
            ],
            "weirdness": [
              -1,
              -0.9333
            ],
            "depth": 0,
            "offset": 0
          }
        },
        {
          "biome": "meadow",
          "parameters": {
            "temperature": [
              -0.45,
              -0.15
            ],
            "humidity": [
              -1,
              -0.35
            ],
            "continentalness": [
              0.3,
              1
            ],
            "erosion": [
              -0.7799,
              -0.375
            ],
            "weirdness": [
              -1,
              -0.9333
            ],
            "depth": 0,
            "offset": 0
          }
        },
        {
          "biome": "snowy_plains",
          "parameters": {
            "temperature": [
              -1,
              -0.45
            ],
            "humidity": [
              -1,
              -0.35
            ],
            "continentalness": [
              -0.11,
              0.03
            ],
            "erosion": [
              -0.375,
              -0.2225
            ],
            "weirdness": [
              -1,
              -0.9333
            ],
            "depth": 0,
            "offset": 0
          }
        },
        {
          "biome": "the_end",
          "parameters": {
            "temperature": 0,
            "humidity": 0,
            "continentalness": 0,
            "weirdness": 0,
            "erosion": 0,
            "depth": 0,
            "offset": 0
          }
        },
        {
          "biome": "fitzwilliam_mc_modder_gamers:bn",
          "parameters": {
            "temperature": [
              -0.5,
              0.5
            ],
            "humidity": [
              -0.5,
              0.5
            ],
            "continentalness": [
              0.3,
              1
            ],
            "weirdness": [
              -1,
              1
            ],
            "erosion": [
              -0.5,
              0.5
            ],
            "depth": 0,
            "offset": 0
          }
        },
        {
          "biome": "ice_spikes",
          "parameters": {
            "temperature": [
              -1,
              -0.45
            ],
            "humidity": [
              -1,
              -0.35
            ],
            "continentalness": [
              0.03,
              1
            ],
            "erosion": [
              -1,
              -0.375
            ],
            "weirdness": [
              -0.05,
              0.05
            ],
            "depth": 0,
            "offset": 0
          }
        },
        {
          "biome": "frozen_ocean",
          "parameters": {
            "temperature": [
              -1,
              -0.45
            ],
            "humidity": [
              -1,
              1
            ],
            "continentalness": [
              -0.455,
              -0.19
            ],
            "erosion": [
              -1,
              1
            ],
            "weirdness": [
              -1,
              1
            ],
            "depth": 0,
            "offset": 0
          }
        },
        {
          "biome": "cherry_grove",
          "parameters": {
            "temperature": [
              -1,
              -0.45
            ],
            "humidity": [
              -1,
              -0.35
            ],
            "continentalness": [
              -0.11,
              1
            ],
            "erosion": [
              -1,
              -0.7799
            ],
            "weirdness": [
              -1,
              -0.9333
            ],
            "depth": 0,
            "offset": 0
          }
        },
        {
          "biome": "forest",
          "parameters": {
            "temperature": [
              -0.45,
              -0.15
            ],
            "humidity": [
              -0.1,
              0.1
            ],
            "continentalness": [
              -0.11,
              0.3
            ],
            "erosion": [
              -0.7799,
              -0.375
            ],
            "weirdness": [
              -1,
              -0.9333
            ],
            "depth": 0,
            "offset": 0
          }
        }
      ]
    },
    "settings": {
      "name": "fitzwilliam_mc_modder_gamers:jh",
      "sea_level": 1,
      "legacy_random_source": true,
      "disable_mob_generation": false,
      "aquifers_enabled": false,
      "ore_veins_enabled": false,
      "default_block": {
        "Name": "minecraft:player_head",
        "Properties": {
          "powered": "false",
          "rotation": "0"
        }
      },
      "default_fluid": {
        "Name": "minecraft:bubble_column",
        "Properties": {
          "drag": "true"
        }
      },
      "spawn_target": [],
      "noise": {
        "min_y": 0,
        "height": 128,
        "size_horizontal": 2,
        "size_vertical": 1,
        "island_noise_override": true
      },
      "noise_router": {
        "barrier": 0,
        "fluid_level_floodedness": 0,
        "fluid_level_spread": 0,
        "lava": 0,
        "temperature": 0,
        "vegetation": 0,
        "continents": 0,
        "erosion": {
          "type": "minecraft:cache_2d",
          "argument": {
            "type": "minecraft:end_islands"
          }
        },
        "depth": 0,
        "ridges": 0,
        "initial_density_without_jaggedness": {
          "type": "minecraft:add",
          "argument1": -0.234375,
          "argument2": {
            "type": "minecraft:mul",
            "argument1": {
              "type": "minecraft:y_clamped_gradient",
              "from_y": 4,
              "to_y": 32,
              "from_value": 0,
              "to_value": 1
            },
            "argument2": {
              "type": "minecraft:add",
              "argument1": 0.234375,
              "argument2": {
                "type": "minecraft:add",
                "argument1": -23.4375,
                "argument2": {
                  "type": "minecraft:mul",
                  "argument1": {
                    "type": "minecraft:y_clamped_gradient",
                    "from_y": 56,
                    "to_y": 312,
                    "from_value": 1,
                    "to_value": 0
                  },
                  "argument2": {
                    "type": "minecraft:add",
                    "argument1": 23.4375,
                    "argument2": {
                      "type": "minecraft:add",
                      "argument1": -0.703125,
                      "argument2": {
                        "type": "minecraft:cache_2d",
                        "argument": {
                          "type": "minecraft:end_islands"
                        }
                      }
                    }
                  }
                }
              }
            }
          }
        },
        "final_density": {
          "type": "minecraft:squeeze",
          "argument": {
            "type": "minecraft:mul",
            "argument1": 0.64,
            "argument2": {
              "type": "minecraft:interpolated",
              "argument": {
                "type": "minecraft:blend_density",
                "argument": {
                  "type": "minecraft:add",
                  "argument1": -0.234375,
                  "argument2": {
                    "type": "minecraft:mul",
                    "argument1": {
                      "type": "minecraft:y_clamped_gradient",
                      "from_y": 4,
                      "to_y": 32,
                      "from_value": 0,
                      "to_value": 1
                    },
                    "argument2": {
                      "type": "minecraft:add",
                      "argument1": 0.234375,
                      "argument2": {
                        "type": "minecraft:add",
                        "argument1": -23.4375,
                        "argument2": {
                          "type": "minecraft:mul",
                          "argument1": {
                            "type": "minecraft:y_clamped_gradient",
                            "from_y": 56,
                            "to_y": 312,
                            "from_value": 1,
                            "to_value": 0
                          },
                          "argument2": {
                            "type": "minecraft:add",
                            "argument1": 23.4375,
                            "argument2": "minecraft:end/sloped_cheese"
                          }
                        }
                      }
                    }
                  }
                }
              }
            }
          }
        },
        "vein_toggle": 0,
        "vein_ridged": 0,
        "vein_gap": 0
      },
      "surface_rule": {
        "type": "minecraft:sequence",
        "sequence": [
          {
            "type": "minecraft:condition",
            "if_true": {
              "type": "minecraft:biome",
              "biome_is": [
                "badlands"
              ]
            },
            "then_run": {
              "type": "minecraft:sequence",
              "sequence": [
                {
                  "type": "minecraft:condition",
                  "if_true": {
                    "type": "minecraft:stone_depth",
                    "surface_type": "floor",
                    "add_surface_depth": false,
                    "secondary_depth_range": 0,
                    "offset": 0
                  },
                  "then_run": {
                    "type": "minecraft:sequence",
                    "sequence": [
                      {
                        "type": "minecraft:condition",
                        "if_true": {
                          "type": "minecraft:water",
                          "offset": -1,
                          "surface_depth_multiplier": 0,
                          "add_stone_depth": false
                        },
                        "then_run": {
                          "type": "minecraft:block",
                          "result_state": {
                            "Name": "minecraft:red_sand"
                          }
                        }
                      },
                      {
                        "type": "minecraft:block",
                        "result_state": {
                          "Name": "minecraft:gravel"
                        }
                      }
                    ]
                  }
                },
                {
                  "type": "minecraft:condition",
                  "if_true": {
                    "type": "minecraft:stone_depth",
                    "surface_type": "floor",
                    "add_surface_depth": true,
                    "secondary_depth_range": 0,
                    "offset": 0
                  },
                  "then_run": {
                    "type": "minecraft:block",
                    "result_state": {
                      "Name": "minecraft:terracotta"
                    }
                  }
                }
              ]
            }
          },
          {
            "type": "minecraft:condition",
            "if_true": {
              "type": "minecraft:biome",
              "biome_is": [
                "bamboo_jungle"
              ]
            },
            "then_run": {
              "type": "minecraft:sequence",
              "sequence": [
                {
                  "type": "minecraft:condition",
                  "if_true": {
                    "type": "minecraft:stone_depth",
                    "surface_type": "floor",
                    "add_surface_depth": false,
                    "secondary_depth_range": 0,
                    "offset": 0
                  },
                  "then_run": {
                    "type": "minecraft:sequence",
                    "sequence": [
                      {
                        "type": "minecraft:condition",
                        "if_true": {
                          "type": "minecraft:water",
                          "offset": -1,
                          "surface_depth_multiplier": 0,
                          "add_stone_depth": false
                        },
                        "then_run": {
                          "type": "minecraft:block",
                          "result_state": {
                            "Name": "minecraft:grass_block",
                            "Properties": {
                              "snowy": "false"
                            }
                          }
                        }
                      },
                      {
                        "type": "minecraft:block",
                        "result_state": {
                          "Name": "minecraft:gravel"
                        }
                      }
                    ]
                  }
                },
                {
                  "type": "minecraft:condition",
                  "if_true": {
                    "type": "minecraft:stone_depth",
                    "surface_type": "floor",
                    "add_surface_depth": true,
                    "secondary_depth_range": 0,
                    "offset": 0
                  },
                  "then_run": {
                    "type": "minecraft:block",
                    "result_state": {
                      "Name": "minecraft:dirt"
                    }
                  }
                }
              ]
            }
          },
          {
            "type": "minecraft:condition",
            "if_true": {
              "type": "minecraft:biome",
              "biome_is": [
                "basalt_deltas"
              ]
            },
            "then_run": {
              "type": "minecraft:sequence",
              "sequence": [
                {
                  "type": "minecraft:condition",
                  "if_true": {
                    "type": "minecraft:stone_depth",
                    "surface_type": "floor",
                    "add_surface_depth": false,
                    "secondary_depth_range": 0,
                    "offset": 0
                  },
                  "then_run": {
                    "type": "minecraft:sequence",
                    "sequence": [
                      {
                        "type": "minecraft:condition",
                        "if_true": {
                          "type": "minecraft:water",
                          "offset": -1,
                          "surface_depth_multiplier": 0,
                          "add_stone_depth": false
                        },
                        "then_run": {
                          "type": "minecraft:block",
                          "result_state": {
                            "Name": "minecraft:blackstone"
                          }
                        }
                      },
                      {
                        "type": "minecraft:block",
                        "result_state": {
                          "Name": "minecraft:magma_block"
                        }
                      }
                    ]
                  }
                },
                {
                  "type": "minecraft:condition",
                  "if_true": {
                    "type": "minecraft:stone_depth",
                    "surface_type": "floor",
                    "add_surface_depth": true,
                    "secondary_depth_range": 0,
                    "offset": 0
                  },
                  "then_run": {
                    "type": "minecraft:block",
                    "result_state": {
                      "Name": "minecraft:basalt",
                      "Properties": {
                        "axis": "y"
                      }
                    }
                  }
                }
              ]
            }
          },
          {
            "type": "minecraft:condition",
            "if_true": {
              "type": "minecraft:biome",
              "biome_is": [
                "beach"
              ]
            },
            "then_run": {
              "type": "minecraft:sequence",
              "sequence": [
                {
                  "type": "minecraft:condition",
                  "if_true": {
                    "type": "minecraft:stone_depth",
                    "surface_type": "floor",
                    "add_surface_depth": false,
                    "secondary_depth_range": 0,
                    "offset": 0
                  },
                  "then_run": {
                    "type": "minecraft:sequence",
                    "sequence": [
                      {
                        "type": "minecraft:condition",
                        "if_true": {
                          "type": "minecraft:water",
                          "offset": -1,
                          "surface_depth_multiplier": 0,
                          "add_stone_depth": false
                        },
                        "then_run": {
                          "type": "minecraft:block",
                          "result_state": {
                            "Name": "minecraft:grass_block",
                            "Properties": {
                              "snowy": "false"
                            }
                          }
                        }
                      },
                      {
                        "type": "minecraft:block",
                        "result_state": {
                          "Name": "minecraft:gravel"
                        }
                      }
                    ]
                  }
                },
                {
                  "type": "minecraft:condition",
                  "if_true": {
                    "type": "minecraft:stone_depth",
                    "surface_type": "floor",
                    "add_surface_depth": true,
                    "secondary_depth_range": 0,
                    "offset": 0
                  },
                  "then_run": {
                    "type": "minecraft:block",
                    "result_state": {
                      "Name": "minecraft:dirt"
                    }
                  }
                }
              ]
            }
          },
          {
            "type": "minecraft:condition",
            "if_true": {
              "type": "minecraft:biome",
              "biome_is": [
                "dark_forest"
              ]
            },
            "then_run": {
              "type": "minecraft:sequence",
              "sequence": [
                {
                  "type": "minecraft:condition",
                  "if_true": {
                    "type": "minecraft:stone_depth",
                    "surface_type": "floor",
                    "add_surface_depth": false,
                    "secondary_depth_range": 0,
                    "offset": 0
                  },
                  "then_run": {
                    "type": "minecraft:sequence",
                    "sequence": [
                      {
                        "type": "minecraft:condition",
                        "if_true": {
                          "type": "minecraft:water",
                          "offset": -1,
                          "surface_depth_multiplier": 0,
                          "add_stone_depth": false
                        },
                        "then_run": {
                          "type": "minecraft:block",
                          "result_state": {
                            "Name": "minecraft:grass_block",
                            "Properties": {
                              "snowy": "false"
                            }
                          }
                        }
                      },
                      {
                        "type": "minecraft:block",
                        "result_state": {
                          "Name": "minecraft:gravel"
                        }
                      }
                    ]
                  }
                },
                {
                  "type": "minecraft:condition",
                  "if_true": {
                    "type": "minecraft:stone_depth",
                    "surface_type": "floor",
                    "add_surface_depth": true,
                    "secondary_depth_range": 0,
                    "offset": 0
                  },
                  "then_run": {
                    "type": "minecraft:block",
                    "result_state": {
                      "Name": "minecraft:dirt"
                    }
                  }
                }
              ]
            }
          },
          {
            "type": "minecraft:condition",
            "if_true": {
              "type": "minecraft:biome",
              "biome_is": [
                "desert"
              ]
            },
            "then_run": {
              "type": "minecraft:sequence",
              "sequence": [
                {
                  "type": "minecraft:condition",
                  "if_true": {
                    "type": "minecraft:stone_depth",
                    "surface_type": "floor",
                    "add_surface_depth": false,
                    "secondary_depth_range": 0,
                    "offset": 0
                  },
                  "then_run": {
                    "type": "minecraft:sequence",
                    "sequence": [
                      {
                        "type": "minecraft:condition",
                        "if_true": {
                          "type": "minecraft:water",
                          "offset": -1,
                          "surface_depth_multiplier": 0,
                          "add_stone_depth": false
                        },
                        "then_run": {
                          "type": "minecraft:block",
                          "result_state": {
                            "Name": "minecraft:sand"
                          }
                        }
                      },
                      {
                        "type": "minecraft:block",
                        "result_state": {
                          "Name": "minecraft:gravel"
                        }
                      }
                    ]
                  }
                },
                {
                  "type": "minecraft:condition",
                  "if_true": {
                    "type": "minecraft:stone_depth",
                    "surface_type": "floor",
                    "add_surface_depth": true,
                    "secondary_depth_range": 0,
                    "offset": 0
                  },
                  "then_run": {
                    "type": "minecraft:block",
                    "result_state": {
                      "Name": "minecraft:sand"
                    }
                  }
                }
              ]
            }
          },
          {
            "type": "minecraft:condition",
            "if_true": {
              "type": "minecraft:biome",
              "biome_is": [
                "dripstone_caves"
              ]
            },
            "then_run": {
              "type": "minecraft:sequence",
              "sequence": [
                {
                  "type": "minecraft:condition",
                  "if_true": {
                    "type": "minecraft:stone_depth",
                    "surface_type": "floor",
                    "add_surface_depth": false,
                    "secondary_depth_range": 0,
                    "offset": 0
                  },
                  "then_run": {
                    "type": "minecraft:sequence",
                    "sequence": [
                      {
                        "type": "minecraft:condition",
                        "if_true": {
                          "type": "minecraft:water",
                          "offset": -1,
                          "surface_depth_multiplier": 0,
                          "add_stone_depth": false
                        },
                        "then_run": {
                          "type": "minecraft:block",
                          "result_state": {
                            "Name": "minecraft:grass_block",
                            "Properties": {
                              "snowy": "false"
                            }
                          }
                        }
                      },
                      {
                        "type": "minecraft:block",
                        "result_state": {
                          "Name": "minecraft:gravel"
                        }
                      }
                    ]
                  }
                },
                {
                  "type": "minecraft:condition",
                  "if_true": {
                    "type": "minecraft:stone_depth",
                    "surface_type": "floor",
                    "add_surface_depth": true,
                    "secondary_depth_range": 0,
                    "offset": 0
                  },
                  "then_run": {
                    "type": "minecraft:block",
                    "result_state": {
                      "Name": "minecraft:dirt"
                    }
                  }
                }
              ]
            }
          },
          {
            "type": "minecraft:condition",
            "if_true": {
              "type": "minecraft:biome",
              "biome_is": [
                "nether_wastes"
              ]
            },
            "then_run": {
              "type": "minecraft:sequence",
              "sequence": [
                {
                  "type": "minecraft:condition",
                  "if_true": {
                    "type": "minecraft:stone_depth",
                    "surface_type": "floor",
                    "add_surface_depth": false,
                    "secondary_depth_range": 0,
                    "offset": 0
                  },
                  "then_run": {
                    "type": "minecraft:sequence",
                    "sequence": [
                      {
                        "type": "minecraft:condition",
                        "if_true": {
                          "type": "minecraft:water",
                          "offset": -1,
                          "surface_depth_multiplier": 0,
                          "add_stone_depth": false
                        },
                        "then_run": {
                          "type": "minecraft:block",
                          "result_state": {
                            "Name": "minecraft:grass_block",
                            "Properties": {
                              "snowy": "false"
                            }
                          }
                        }
                      },
                      {
                        "type": "minecraft:block",
                        "result_state": {
                          "Name": "minecraft:gravel"
                        }
                      }
                    ]
                  }
                },
                {
                  "type": "minecraft:condition",
                  "if_true": {
                    "type": "minecraft:stone_depth",
                    "surface_type": "floor",
                    "add_surface_depth": true,
                    "secondary_depth_range": 0,
                    "offset": 0
                  },
                  "then_run": {
                    "type": "minecraft:block",
                    "result_state": {
                      "Name": "minecraft:dirt"
                    }
                  }
                }
              ]
            }
          },
          {
            "type": "minecraft:condition",
            "if_true": {
              "type": "minecraft:biome",
              "biome_is": [
                "crimson_forest"
              ]
            },
            "then_run": {
              "type": "minecraft:sequence",
              "sequence": [
                {
                  "type": "minecraft:condition",
                  "if_true": {
                    "type": "minecraft:stone_depth",
                    "surface_type": "floor",
                    "add_surface_depth": false,
                    "secondary_depth_range": 0,
                    "offset": 0
                  },
                  "then_run": {
                    "type": "minecraft:sequence",
                    "sequence": [
                      {
                        "type": "minecraft:condition",
                        "if_true": {
                          "type": "minecraft:water",
                          "offset": -1,
                          "surface_depth_multiplier": 0,
                          "add_stone_depth": false
                        },
                        "then_run": {
                          "type": "minecraft:block",
                          "result_state": {
                            "Name": "minecraft:crimson_nylium"
                          }
                        }
                      },
                      {
                        "type": "minecraft:block",
                        "result_state": {
                          "Name": "minecraft:nether_wart_block"
                        }
                      }
                    ]
                  }
                },
                {
                  "type": "minecraft:condition",
                  "if_true": {
                    "type": "minecraft:stone_depth",
                    "surface_type": "floor",
                    "add_surface_depth": true,
                    "secondary_depth_range": 0,
                    "offset": 0
                  },
                  "then_run": {
                    "type": "minecraft:block",
                    "result_state": {
                      "Name": "minecraft:netherrack"
                    }
                  }
                }
              ]
            }
          },
          {
            "type": "minecraft:condition",
            "if_true": {
              "type": "minecraft:biome",
              "biome_is": [
                "flower_forest"
              ]
            },
            "then_run": {
              "type": "minecraft:sequence",
              "sequence": [
                {
                  "type": "minecraft:condition",
                  "if_true": {
                    "type": "minecraft:stone_depth",
                    "surface_type": "floor",
                    "add_surface_depth": false,
                    "secondary_depth_range": 0,
                    "offset": 0
                  },
                  "then_run": {
                    "type": "minecraft:sequence",
                    "sequence": [
                      {
                        "type": "minecraft:condition",
                        "if_true": {
                          "type": "minecraft:water",
                          "offset": -1,
                          "surface_depth_multiplier": 0,
                          "add_stone_depth": false
                        },
                        "then_run": {
                          "type": "minecraft:block",
                          "result_state": {
                            "Name": "minecraft:grass_block",
                            "Properties": {
                              "snowy": "false"
                            }
                          }
                        }
                      },
                      {
                        "type": "minecraft:block",
                        "result_state": {
                          "Name": "minecraft:gravel"
                        }
                      }
                    ]
                  }
                },
                {
                  "type": "minecraft:condition",
                  "if_true": {
                    "type": "minecraft:stone_depth",
                    "surface_type": "floor",
                    "add_surface_depth": true,
                    "secondary_depth_range": 0,
                    "offset": 0
                  },
                  "then_run": {
                    "type": "minecraft:block",
                    "result_state": {
                      "Name": "minecraft:dirt"
                    }
                  }
                }
              ]
            }
          },
          {
            "type": "minecraft:condition",
            "if_true": {
              "type": "minecraft:biome",
              "biome_is": [
                "meadow"
              ]
            },
            "then_run": {
              "type": "minecraft:sequence",
              "sequence": [
                {
                  "type": "minecraft:condition",
                  "if_true": {
                    "type": "minecraft:stone_depth",
                    "surface_type": "floor",
                    "add_surface_depth": false,
                    "secondary_depth_range": 0,
                    "offset": 0
                  },
                  "then_run": {
                    "type": "minecraft:sequence",
                    "sequence": [
                      {
                        "type": "minecraft:condition",
                        "if_true": {
                          "type": "minecraft:water",
                          "offset": -1,
                          "surface_depth_multiplier": 0,
                          "add_stone_depth": false
                        },
                        "then_run": {
                          "type": "minecraft:block",
                          "result_state": {
                            "Name": "minecraft:grass_block",
                            "Properties": {
                              "snowy": "false"
                            }
                          }
                        }
                      },
                      {
                        "type": "minecraft:block",
                        "result_state": {
                          "Name": "minecraft:gravel"
                        }
                      }
                    ]
                  }
                },
                {
                  "type": "minecraft:condition",
                  "if_true": {
                    "type": "minecraft:stone_depth",
                    "surface_type": "floor",
                    "add_surface_depth": true,
                    "secondary_depth_range": 0,
                    "offset": 0
                  },
                  "then_run": {
                    "type": "minecraft:block",
                    "result_state": {
                      "Name": "minecraft:dirt"
                    }
                  }
                }
              ]
            }
          },
          {
            "type": "minecraft:condition",
            "if_true": {
              "type": "minecraft:biome",
              "biome_is": [
                "snowy_plains"
              ]
            },
            "then_run": {
              "type": "minecraft:sequence",
              "sequence": [
                {
                  "type": "minecraft:condition",
                  "if_true": {
                    "type": "minecraft:stone_depth",
                    "surface_type": "floor",
                    "add_surface_depth": false,
                    "secondary_depth_range": 0,
                    "offset": 0
                  },
                  "then_run": {
                    "type": "minecraft:sequence",
                    "sequence": [
                      {
                        "type": "minecraft:condition",
                        "if_true": {
                          "type": "minecraft:water",
                          "offset": -1,
                          "surface_depth_multiplier": 0,
                          "add_stone_depth": false
                        },
                        "then_run": {
                          "type": "minecraft:block",
                          "result_state": {
                            "Name": "minecraft:grass_block",
                            "Properties": {
                              "snowy": "false"
                            }
                          }
                        }
                      },
                      {
                        "type": "minecraft:block",
                        "result_state": {
                          "Name": "minecraft:gravel"
                        }
                      }
                    ]
                  }
                },
                {
                  "type": "minecraft:condition",
                  "if_true": {
                    "type": "minecraft:stone_depth",
                    "surface_type": "floor",
                    "add_surface_depth": true,
                    "secondary_depth_range": 0,
                    "offset": 0
                  },
                  "then_run": {
                    "type": "minecraft:block",
                    "result_state": {
                      "Name": "minecraft:dirt"
                    }
                  }
                }
              ]
            }
          },
          {
            "type": "minecraft:condition",
            "if_true": {
              "type": "minecraft:biome",
              "biome_is": [
                "the_end"
              ]
            },
            "then_run": {
              "type": "minecraft:sequence",
              "sequence": [
                {
                  "type": "minecraft:condition",
                  "if_true": {
                    "type": "minecraft:stone_depth",
                    "surface_type": "floor",
                    "add_surface_depth": false,
                    "secondary_depth_range": 0,
                    "offset": 0
                  },
                  "then_run": {
                    "type": "minecraft:sequence",
                    "sequence": [
                      {
                        "type": "minecraft:condition",
                        "if_true": {
                          "type": "minecraft:water",
                          "offset": -1,
                          "surface_depth_multiplier": 0,
                          "add_stone_depth": false
                        },
                        "then_run": {
                          "type": "minecraft:block",
                          "result_state": {
                            "Name": "minecraft:end_stone"
                          }
                        }
                      },
                      {
                        "type": "minecraft:block",
                        "result_state": {
                          "Name": "minecraft:end_stone"
                        }
                      }
                    ]
                  }
                },
                {
                  "type": "minecraft:condition",
                  "if_true": {
                    "type": "minecraft:stone_depth",
                    "surface_type": "floor",
                    "add_surface_depth": true,
                    "secondary_depth_range": 0,
                    "offset": 0
                  },
                  "then_run": {
                    "type": "minecraft:block",
                    "result_state": {
                      "Name": "minecraft:end_stone"
                    }
                  }
                }
              ]
            }
          },
          {
            "type": "minecraft:condition",
            "if_true": {
              "type": "minecraft:biome",
              "biome_is": [
                "fitzwilliam_mc_modder_gamers:bn"
              ]
            },
            "then_run": {
              "type": "minecraft:sequence",
              "sequence": [
                {
                  "type": "minecraft:condition",
                  "if_true": {
                    "type": "minecraft:stone_depth",
                    "surface_type": "floor",
                    "add_surface_depth": false,
                    "secondary_depth_range": 0,
                    "offset": 0
                  },
                  "then_run": {
                    "type": "minecraft:sequence",
                    "sequence": [
                      {
                        "type": "minecraft:condition",
                        "if_true": {
                          "type": "minecraft:water",
                          "offset": -1,
                          "surface_depth_multiplier": 0,
                          "add_stone_depth": false
                        },
                        "then_run": {
                          "type": "minecraft:block",
                          "result_state": {
                            "Name": "fitzwilliam_mc_modder_gamers:d"
                          }
                        }
                      },
                      {
                        "type": "minecraft:block",
                        "result_state": {
                          "Name": "fitzwilliam_mc_modder_gamers:fv"
                        }
                      }
                    ]
                  }
                },
                {
                  "type": "minecraft:condition",
                  "if_true": {
                    "type": "minecraft:stone_depth",
                    "surface_type": "floor",
                    "add_surface_depth": true,
                    "secondary_depth_range": 0,
                    "offset": 0
                  },
                  "then_run": {
                    "type": "minecraft:block",
                    "result_state": {
                      "Name": "minecraft:green_terracotta"
                    }
                  }
                }
              ]
            }
          },
          {
            "type": "minecraft:condition",
            "if_true": {
              "type": "minecraft:biome",
              "biome_is": [
                "ice_spikes"
              ]
            },
            "then_run": {
              "type": "minecraft:sequence",
              "sequence": [
                {
                  "type": "minecraft:condition",
                  "if_true": {
                    "type": "minecraft:stone_depth",
                    "surface_type": "floor",
                    "add_surface_depth": false,
                    "secondary_depth_range": 0,
                    "offset": 0
                  },
                  "then_run": {
                    "type": "minecraft:sequence",
                    "sequence": [
                      {
                        "type": "minecraft:condition",
                        "if_true": {
                          "type": "minecraft:water",
                          "offset": -1,
                          "surface_depth_multiplier": 0,
                          "add_stone_depth": false
                        },
                        "then_run": {
                          "type": "minecraft:block",
                          "result_state": {
                            "Name": "minecraft:grass_block",
                            "Properties": {
                              "snowy": "false"
                            }
                          }
                        }
                      },
                      {
                        "type": "minecraft:block",
                        "result_state": {
                          "Name": "minecraft:gravel"
                        }
                      }
                    ]
                  }
                },
                {
                  "type": "minecraft:condition",
                  "if_true": {
                    "type": "minecraft:stone_depth",
                    "surface_type": "floor",
                    "add_surface_depth": true,
                    "secondary_depth_range": 0,
                    "offset": 0
                  },
                  "then_run": {
                    "type": "minecraft:block",
                    "result_state": {
                      "Name": "minecraft:dirt"
                    }
                  }
                }
              ]
            }
          },
          {
            "type": "minecraft:condition",
            "if_true": {
              "type": "minecraft:biome",
              "biome_is": [
                "frozen_ocean"
              ]
            },
            "then_run": {
              "type": "minecraft:sequence",
              "sequence": [
                {
                  "type": "minecraft:condition",
                  "if_true": {
                    "type": "minecraft:stone_depth",
                    "surface_type": "floor",
                    "add_surface_depth": false,
                    "secondary_depth_range": 0,
                    "offset": 0
                  },
                  "then_run": {
                    "type": "minecraft:sequence",
                    "sequence": [
                      {
                        "type": "minecraft:condition",
                        "if_true": {
                          "type": "minecraft:water",
                          "offset": -1,
                          "surface_depth_multiplier": 0,
                          "add_stone_depth": false
                        },
                        "then_run": {
                          "type": "minecraft:block",
                          "result_state": {
                            "Name": "minecraft:grass_block",
                            "Properties": {
                              "snowy": "false"
                            }
                          }
                        }
                      },
                      {
                        "type": "minecraft:block",
                        "result_state": {
                          "Name": "minecraft:gravel"
                        }
                      }
                    ]
                  }
                },
                {
                  "type": "minecraft:condition",
                  "if_true": {
                    "type": "minecraft:stone_depth",
                    "surface_type": "floor",
                    "add_surface_depth": true,
                    "secondary_depth_range": 0,
                    "offset": 0
                  },
                  "then_run": {
                    "type": "minecraft:block",
                    "result_state": {
                      "Name": "minecraft:dirt"
                    }
                  }
                }
              ]
            }
          },
          {
            "type": "minecraft:condition",
            "if_true": {
              "type": "minecraft:biome",
              "biome_is": [
                "cherry_grove"
              ]
            },
            "then_run": {
              "type": "minecraft:sequence",
              "sequence": [
                {
                  "type": "minecraft:condition",
                  "if_true": {
                    "type": "minecraft:stone_depth",
                    "surface_type": "floor",
                    "add_surface_depth": false,
                    "secondary_depth_range": 0,
                    "offset": 0
                  },
                  "then_run": {
                    "type": "minecraft:sequence",
                    "sequence": [
                      {
                        "type": "minecraft:condition",
                        "if_true": {
                          "type": "minecraft:water",
                          "offset": -1,
                          "surface_depth_multiplier": 0,
                          "add_stone_depth": false
                        },
                        "then_run": {
                          "type": "minecraft:block",
                          "result_state": {
                            "Name": "minecraft:grass_block",
                            "Properties": {
                              "snowy": "false"
                            }
                          }
                        }
                      },
                      {
                        "type": "minecraft:block",
                        "result_state": {
                          "Name": "minecraft:gravel"
                        }
                      }
                    ]
                  }
                },
                {
                  "type": "minecraft:condition",
                  "if_true": {
                    "type": "minecraft:stone_depth",
                    "surface_type": "floor",
                    "add_surface_depth": true,
                    "secondary_depth_range": 0,
                    "offset": 0
                  },
                  "then_run": {
                    "type": "minecraft:block",
                    "result_state": {
                      "Name": "minecraft:dirt"
                    }
                  }
                }
              ]
            }
          },
          {
            "type": "minecraft:condition",
            "if_true": {
              "type": "minecraft:biome",
              "biome_is": [
                "forest"
              ]
            },
            "then_run": {
              "type": "minecraft:sequence",
              "sequence": [
                {
                  "type": "minecraft:condition",
                  "if_true": {
                    "type": "minecraft:stone_depth",
                    "surface_type": "floor",
                    "add_surface_depth": false,
                    "secondary_depth_range": 0,
                    "offset": 0
                  },
                  "then_run": {
                    "type": "minecraft:sequence",
                    "sequence": [
                      {
                        "type": "minecraft:condition",
                        "if_true": {
                          "type": "minecraft:water",
                          "offset": -1,
                          "surface_depth_multiplier": 0,
                          "add_stone_depth": false
                        },
                        "then_run": {
                          "type": "minecraft:block",
                          "result_state": {
                            "Name": "minecraft:grass_block",
                            "Properties": {
                              "snowy": "false"
                            }
                          }
                        }
                      },
                      {
                        "type": "minecraft:block",
                        "result_state": {
                          "Name": "minecraft:gravel"
                        }
                      }
                    ]
                  }
                },
                {
                  "type": "minecraft:condition",
                  "if_true": {
                    "type": "minecraft:stone_depth",
                    "surface_type": "floor",
                    "add_surface_depth": true,
                    "secondary_depth_range": 0,
                    "offset": 0
                  },
                  "then_run": {
                    "type": "minecraft:block",
                    "result_state": {
                      "Name": "minecraft:dirt"
                    }
                  }
                }
              ]
            }
          }
        ]
      }
    }
  }
}