{
	"format_version": "1.21.6",
	"credit": "Made with Blockbench",
	"textures": {
		"0": "SpearTexture",
		"particle": "SpearTexture"
	},
	"elements": [
		{
			"from": [7, 5, 7],
			"to": [9, 8, 8],
			"rotation": {"angle": 0, "axis": "y", "origin": [7, -1, 8]},
			"faces": {
				"north": {"uv": [1, 1, 3, 4], "texture": "#0"},
				"east": {"uv": [0, 1, 1, 4], "texture": "#0"},
				"south": {"uv": [4, 1, 6, 4], "texture": "#0"},
				"west": {"uv": [3, 1, 4, 4], "texture": "#0"},
				"up": {"uv": [3, 1, 1, 0], "texture": "#0"},
				"down": {"uv": [5, 0, 3, 1], "texture": "#0"}
			}
		},
		{
			"from": [7, 0, 7],
			"to": [9, 3, 8],
			"rotation": {"angle": 0, "axis": "y", "origin": [7, -6, 8]},
			"faces": {
				"north": {"uv": [1, 5, 3, 8], "texture": "#0"},
				"east": {"uv": [0, 5, 1, 8], "texture": "#0"},
				"south": {"uv": [4, 5, 6, 8], "texture": "#0"},
				"west": {"uv": [3, 5, 4, 8], "texture": "#0"},
				"up": {"uv": [3, 5, 1, 4], "texture": "#0"},
				"down": {"uv": [5, 4, 3, 5], "texture": "#0"}
			}
		},
		{
			"from": [8, 4, 7],
			"to": [9, 5, 8],
			"rotation": {"angle": 0, "axis": "y", "origin": [7, -4, 8]},
			"faces": {
				"north": {"uv": [1, 9, 2, 10], "texture": "#0"},
				"east": {"uv": [0, 9, 1, 10], "texture": "#0"},
				"south": {"uv": [3, 9, 4, 10], "texture": "#0"},
				"west": {"uv": [2, 9, 3, 10], "texture": "#0"},
				"up": {"uv": [2, 9, 1, 8], "texture": "#0"},
				"down": {"uv": [3, 8, 2, 9], "texture": "#0"}
			}
		},
		{
			"from": [7, 3, 7],
			"to": [8, 4, 8],
			"rotation": {"angle": 0, "axis": "y", "origin": [6, -5, 8]},
			"faces": {
				"north": {"uv": [5, 10, 6, 11], "texture": "#0"},
				"east": {"uv": [4, 10, 5, 11], "texture": "#0"},
				"south": {"uv": [7, 10, 8, 11], "texture": "#0"},
				"west": {"uv": [6, 10, 7, 11], "texture": "#0"},
				"up": {"uv": [6, 10, 5, 9], "texture": "#0"},
				"down": {"uv": [7, 9, 6, 10], "texture": "#0"}
			}
		},
		{
			"from": [7, 7, 7],
			"to": [9, 9, 8],
			"rotation": {"angle": 0, "axis": "y", "origin": [8, 7, 8]},
			"faces": {
				"north": {"uv": [7, 1, 9, 3], "texture": "#0"},
				"east": {"uv": [6, 1, 7, 3], "texture": "#0"},
				"south": {"uv": [10, 1, 12, 3], "texture": "#0"},
				"west": {"uv": [9, 1, 10, 3], "texture": "#0"},
				"up": {"uv": [9, 1, 7, 0], "texture": "#0"},
				"down": {"uv": [11, 0, 9, 1], "texture": "#0"}
			}
		},
		{
			"from": [9, 8, 7],
			"to": [10, 10, 8],
			"rotation": {"angle": 0, "axis": "y", "origin": [9, 8, 8]},
			"faces": {
				"north": {"uv": [7, 4, 8, 6], "texture": "#0"},
				"east": {"uv": [6, 4, 7, 6], "texture": "#0"},
				"south": {"uv": [9, 4, 10, 6], "texture": "#0"},
				"west": {"uv": [8, 4, 9, 6], "texture": "#0"},
				"up": {"uv": [8, 4, 7, 3], "texture": "#0"},
				"down": {"uv": [9, 3, 8, 4], "texture": "#0"}
			}
		},
		{
			"from": [6, 8, 7],
			"to": [7, 10, 8],
			"rotation": {"angle": 0, "axis": "y", "origin": [6, 8, 8]},
			"faces": {
				"north": {"uv": [7, 7, 8, 9], "texture": "#0"},
				"east": {"uv": [6, 7, 7, 9], "texture": "#0"},
				"south": {"uv": [9, 7, 10, 9], "texture": "#0"},
				"west": {"uv": [8, 7, 9, 9], "texture": "#0"},
				"up": {"uv": [8, 7, 7, 6], "texture": "#0"},
				"down": {"uv": [9, 6, 8, 7], "texture": "#0"}
			}
		},
		{
			"from": [6, 10, 7],
			"to": [10, 10, 8],
			"rotation": {"angle": 0, "axis": "y", "origin": [8, 10, 8]},
			"faces": {
				"north": {"uv": [1, 2, 5, 2], "texture": "#0"},
				"east": {"uv": [0, 2, 1, 2], "texture": "#0"},
				"south": {"uv": [6, 2, 10, 2], "texture": "#0"},
				"west": {"uv": [5, 2, 6, 2], "texture": "#0"},
				"up": {"uv": [5, 2, 1, 1], "texture": "#0"},
				"down": {"uv": [9, 1, 5, 2], "texture": "#0"}
			}
		},
		{
			"from": [7, 10, 7],
			"to": [9, 11, 8],
			"rotation": {"angle": 0, "axis": "y", "origin": [7, 10, 8]},
			"faces": {
				"north": {"uv": [1, 2, 3, 3], "texture": "#0"},
				"east": {"uv": [0, 2, 1, 3], "texture": "#0"},
				"south": {"uv": [4, 2, 6, 3], "texture": "#0"},
				"west": {"uv": [3, 2, 4, 3], "texture": "#0"},
				"up": {"uv": [3, 2, 1, 1], "texture": "#0"},
				"down": {"uv": [5, 1, 3, 2], "texture": "#0"}
			}
		}
	],
	"groups": [
		{
			"name": "bone",
			"origin": [2, 8, -2],
			"color": 0,
			"children": [0, 1, 2, 3, 4, 5, 6, 7, 8]
		}
	]
}