{
  "_fv": 79,
  "_type": "potion",
  "definition": {
    "potionName": "Potion of B",
    "splashName": "Splash Potion of B",
    "lingeringName": "Lingering Potion of B",
    "arrowName": "Arrow of B",
    "effects": [
      {
        "effect": {
          "value": "FIRE_RESISTANCE"
        },
        "duration": 3600,
        "infinite": true,
        "amplifier": 0,
        "ambient": false,
        "showParticles": true
      },
      {
        "effect": {
          "value": "RESISTANCE"
        },
        "duration": 3600,
        "infinite": true,
        "amplifier": 0,
        "ambient": false,
        "showParticles": true
      },
      {
        "effect": {
          "value": "NIGHT_VISION"
        },
        "duration": 3600,
        "infinite": true,
        "amplifier": 0,
        "ambient": false,
        "showParticles": true
      },
      {
        "effect": {
          "value": "JUMP_BOOST"
        },
        "duration": 3600,
        "infinite": true,
        "amplifier": 0,
        "ambient": false,
        "showParticles": true
      },
      {
        "effect": {
          "value": "HERO_OF_THE_VILLAGE"
        },
        "duration": 3600,
        "infinite": true,
        "amplifier": 0,
        "ambient": false,
        "showParticles": true
      }
    ]
  }
}