{
  "_fv": 79,
  "_type": "enchantment",
  "definition": {
    "name": "G",
    "supportedSlots": "any",
    "weight": 1,
    "anvilCost": 1,
    "maxLevel": 4,
    "damageModifier": 0,
    "incompatibleEnchantments": [
      {
        "value": "AQUA_AFFINITY"
      },
      {
        "value": "KNOCKBACK"
      },
      {
        "value": "LOOTING"
      },
      {
        "value": "MENDING"
      },
      {
        "value": "THORNS"
      },
      {
        "value": "UNBREAKING"
      },
      {
        "value": "SOUL_SPEED"
      }
    ],
    "supportedItems": [
      {
        "value": "CUSTOM:U.helmet"
      },
      {
        "value": "CUSTOM:U.body"
      },
      {
        "value": "CUSTOM:U.legs"
      },
      {
        "value": "CUSTOM:U.boots"
      },
      {
        "value": "Items.NETHERITE_HELMET"
      },
      {
        "value": "Items.NETHERITE_CHESTPLATE"
      },
      {
        "value": "Items.NETHERITE_LEGGINGS"
      },
      {
        "value": "Items.NETHERITE_BOOTS"
      }
    ],
    "isTreasureEnchantment": false,
    "isCurse": false,
    "canGenerateInLootTables": true,
    "canVillagerTrade": true
  }
}