{
  "_fv": 79,
  "_type": "recipe",
  "definition": {
    "recipeType": "Smelting",
    "recipeRetstackSize": 1,
    "group": "d",
    "unlockingItems": [
      {
        "value": "Blocks.RED_FLOWER"
      }
    ],
    "cookingBookCategory": "MISC",
    "xpReward": 70.69999999999999,
    "cookingTime": 5,
    "craftingBookCategory": "MISC",
    "recipeShapeless": false,
    "smeltingInputStack": {
      "value": "Blocks.RED_FLOWER"
    },
    "smeltingReturnStack": {
      "value": "CUSTOM:Ruby"
    },
    "name": "h",
    "namespace": "mod"
  }
}