{
  "_fv": 79,
  "_type": "dimension",
  "definition": {
    "biomesInDimension": [
      {
        "value": "badlands"
      },
      {
        "value": "bamboo_jungle"
      },
      {
        "value": "basalt_deltas"
      },
      {
        "value": "beaches"
      },
      {
        "value": "roofed_forest"
      },
      {
        "value": "desert"
      },
      {
        "value": "dripstone_caves"
      },
      {
        "value": "nether"
      },
      {
        "value": "crimson_forest"
      },
      {
        "value": "mutated_forest"
      },
      {
        "value": "meadow"
      },
      {
        "value": "snowy_tundra"
      },
      {
        "value": "the_end"
      },
      {
        "value": "CUSTOM:Bn"
      },
      {
        "value": "mutated_ice_flats"
      },
      {
        "value": "frozen_ocean"
      },
      {
        "value": "cherry_grove"
      },
      {
        "value": "forest"
      }
    ],
    "worldGenType": "End like gen",
    "mainFillerBlock": {
      "value": "Blocks.SKULL#3"
    },
    "fluidBlock": {
      "value": "Blocks.BUBBLE_COLUMN"
    },
    "seaLevel": 1,
    "generateOreVeins": true,
    "generateAquifers": true,
    "horizontalNoiseSize": 2,
    "verticalNoiseSize": 1,
    "defaultEffects": "overworld",
    "useCustomEffects": true,
    "hasClouds": true,
    "cloudHeight": 192.0,
    "skyType": "END",
    "sunHeightAffectsFog": false,
    "canRespawnHere": false,
    "hasFog": false,
    "ambientLight": 0.0,
    "doesWaterVaporize": true,
    "hasFixedTime": false,
    "fixedTimeValue": 0,
    "coordinateScale": 1.0,
    "infiniburnTag": "minecraft:infiniburn_overworld",
    "bedWorks": true,
    "hasSkyLight": true,
    "imitateOverworldBehaviour": true,
    "piglinSafe": false,
    "hasRaids": true,
    "minMonsterSpawnLightLimit": 0,
    "maxMonsterSpawnLightLimit": 7,
    "monsterSpawnBlockLightLimit": 0,
    "portalFrame": {
      "value": "CUSTOM:Death"
    },
    "portalParticles": {
      "value": "PORTAL"
    },
    "portalLuminance": 0,
    "portalSound": {
      "value": "block.portal.ambient"
    },
    "enableIgniter": true,
    "igniterName": "JH Portal Igniter",
    "igniterRarity": "COMMON",
    "specialInformation": {
      "fixedValue": []
    },
    "creativeTabs": [
      {
        "value": "TOOLS"
      }
    ],
    "texture": "minecraft:barrier",
    "portalTexture": "amongusblock",
    "enablePortal": true
  }
}