{
  "_fv": 79,
  "_type": "enchantment",
  "definition": {
    "name": "K",
    "supportedSlots": "mainhand",
    "weight": 10,
    "anvilCost": 1,
    "maxLevel": 255,
    "damageModifier": 0,
    "incompatibleEnchantments": [
      {
        "value": "FIRE_ASPECT"
      },
      {
        "value": "KNOCKBACK"
      },
      {
        "value": "MENDING"
      }
    ],
    "supportedItems": [
      {
        "value": "TAG:minecraft:enchantable/sword"
      }
    ],
    "isTreasureEnchantment": false,
    "isCurse": false,
    "canGenerateInLootTables": true,
    "canVillagerTrade": true
  }
}