{
  "_fv": 79,
  "_type": "enchantment",
  "definition": {
    "name": "M",
    "supportedSlots": "any",
    "weight": 10,
    "anvilCost": 1,
    "maxLevel": 4,
    "damageModifier": 0,
    "incompatibleEnchantments": [],
    "supportedItems": [
      {
        "value": "CUSTOM:U.helmet"
      },
      {
        "value": "CUSTOM:U.body"
      },
      {
        "value": "CUSTOM:U.legs"
      },
      {
        "value": "CUSTOM:U.boots"
      },
      {
        "value": "Items.IRON_HELMET"
      },
      {
        "value": "Items.IRON_CHESTPLATE"
      },
      {
        "value": "Items.IRON_LEGGINGS"
      },
      {
        "value": "Items.IRON_BOOTS"
      }
    ],
    "isTreasureEnchantment": false,
    "isCurse": false,
    "canGenerateInLootTables": true,
    "canVillagerTrade": true
  }
}