{
  "_fv": 79,
  "_type": "potion",
  "definition": {
    "potionName": "Potion of St",
    "splashName": "Splash Potion of St",
    "lingeringName": "Lingering Potion of St",
    "arrowName": "Arrow of St",
    "effects": [
      {
        "effect": {
          "value": "STRENGTH"
        },
        "duration": 3600,
        "infinite": true,
        "amplifier": 0,
        "ambient": false,
        "showParticles": true
      },
      {
        "effect": {
          "value": "SPEED"
        },
        "duration": 3600,
        "infinite": true,
        "amplifier": 0,
        "ambient": false,
        "showParticles": true
      },
      {
        "effect": {
          "value": "WATER_BREATHING"
        },
        "duration": 3600,
        "infinite": true,
        "amplifier": 0,
        "ambient": false,
        "showParticles": true
      },
      {
        "effect": {
          "value": "HASTE"
        },
        "duration": 3600,
        "infinite": true,
        "amplifier": 0,
        "ambient": false,
        "showParticles": true
      },
      {
        "effect": {
          "value": "HEALTH_BOOST"
        },
        "duration": 3600,
        "infinite": true,
        "amplifier": 0,
        "ambient": false,
        "showParticles": true
      },
      {
        "effect": {
          "value": "REGENERATION"
        },
        "duration": 3600,
        "infinite": true,
        "amplifier": 0,
        "ambient": false,
        "showParticles": true
      }
    ]
  }
}