{
  "_fv": 79,
  "_type": "biome",
  "definition": {
    "name": "Foxbiome",
    "groundBlock": {
      "value": "CUSTOM:Foxgrass"
    },
    "undergroundBlock": {
      "value": "CUSTOM:Foxlog"
    },
    "underwaterBlock": {
      "value": "CUSTOM:Underwaterfoxthingy"
    },
    "airColor": {
      "value": -39424,
      "falpha": 0.0
    },
    "fogColor": {
      "value": -1,
      "falpha": 0.0
    },
    "grassColor": {
      "value": -39373,
      "falpha": 0.0
    },
    "foliageColor": {
      "value": -26368,
      "falpha": 0.0
    },
    "waterColor": {
      "value": -52480,
      "falpha": 0.0
    },
    "waterFogColor": {
      "value": -52429,
      "falpha": 0.0
    },
    "ambientSound": {
      "value": "entity.fox.sniff"
    },
    "additionsSound": {
      "value": "entity.fox.aggro"
    },
    "music": {
      "value": "entity.fox.ambient"
    },
    "moodSound": {
      "value": ""
    },
    "moodSoundDelay": 6000,
    "spawnParticles": false,
    "particleToSpawn": {
      "value": "ASH"
    },
    "particlesProbability": 0.5,
    "rainingPossibility": 0.5,
    "temperature": 0.5,
    "spawnBiome": true,
    "spawnInCaves": false,
    "spawnBiomeNether": false,
    "genTemperature": {
      "min": -0.5,
      "max": 0.5
    },
    "genHumidity": {
      "min": -0.5,
      "max": 0.5
    },
    "genContinentalness": {
      "min": 0.3,
      "max": 1.0
    },
    "genErosion": {
      "min": -0.5,
      "max": 0.5
    },
    "genWeirdness": {
      "min": -1.0,
      "max": 1.0
    },
    "treesPerChunk": 3,
    "vanillaTreeType": "Default",
    "treeType": 1,
    "minHeight": 7,
    "treeStem": {
      "value": "CUSTOM:Foxlog"
    },
    "treeBranch": {
      "value": "CUSTOM:Gbu"
    },
    "treeVines": {
      "value": ""
    },
    "treeFruits": {
      "value": "Blocks.CARROTS"
    },
    "defaultFeatures": [
      "Caves",
      "Ores",
      "FrozenTopLayer"
    ],
    "spawnStronghold": false,
    "spawnMineshaft": false,
    "spawnMineshaftMesa": false,
    "spawnPillagerOutpost": false,
    "villageType": "none",
    "spawnWoodlandMansion": false,
    "spawnJungleTemple": false,
    "spawnDesertPyramid": false,
    "spawnSwampHut": false,
    "spawnIgloo": false,
    "spawnOceanMonument": false,
    "spawnShipwreck": false,
    "spawnShipwreckBeached": false,
    "spawnBuriedTreasure": false,
    "oceanRuinType": "NONE",
    "spawnNetherBridge": false,
    "spawnNetherFossil": false,
    "spawnBastionRemnant": false,
    "spawnEndCity": false,
    "spawnRuinedPortal": "NONE",
    "spawnEntries": [
      {
        "entity": {
          "value": "EntityFox"
        },
        "minGroup": 1,
        "maxGroup": 4,
        "weight": 20,
        "spawnType": "creature"
      }
    ]
  }
}