{
  "_fv": 79,
  "_type": "tool",
  "definition": {
    "toolType": "Hoe",
    "renderType": 0,
    "blockingRenderType": 0,
    "texture": "voidhoe",
    "customModelName": "Normal",
    "blockingModelName": "Normal blocking",
    "name": "Voidhoe",
    "specialInformation": {
      "fixedValue": []
    },
    "creativeTabs": [
      {
        "value": "TOOLS"
      }
    ],
    "efficiency": 5.0,
    "attackSpeed": 3.0,
    "enchantability": 10,
    "damageVsEntity": 5.0,
    "usageCount": 100,
    "glowCondition": {
      "fixedValue": true
    },
    "repairItems": [],
    "immuneToFire": false,
    "blockDropsTier": "WOOD",
    "blocksAffected": [],
    "stayInGridWhenCrafting": false,
    "damageOnCrafting": false
  }
}