{
  "_fv": 79,
  "_type": "villagertrade",
  "definition": {
    "tradeEntries": [
      {
        "villagerProfession": {
          "value": "ARMORER"
        },
        "entries": [
          {
            "price1": {
              "value": "Items.DIAMOND"
            },
            "countPrice1": 1,
            "price2": {
              "value": "Blocks.EMERALD_BLOCK"
            },
            "countPrice2": 1,
            "offer": {
              "value": "CUSTOM:GlitchedTNT"
            },
            "countOffer": 2,
            "level": 1,
            "maxTrades": 15,
            "xp": 1,
            "priceMultiplier": 0.05
          }
        ]
      }
    ]
  }
}