{
  "_fv": 79,
  "_type": "enchantment",
  "definition": {
    "name": "KABOOM",
    "supportedSlots": "mainhand",
    "weight": 5,
    "anvilCost": 2,
    "maxLevel": 15,
    "damageModifier": 0,
    "incompatibleEnchantments": [
      {
        "value": "FIRE_ASPECT"
      }
    ],
    "supportedItems": [
      {
        "value": "TAG:minecraft:enchantable/sword"
      }
    ],
    "isTreasureEnchantment": true,
    "isCurse": false,
    "canGenerateInLootTables": true,
    "canVillagerTrade": true
  }
}