{
  "has_precipitation": true,
  "temperature": 0.5,
  "downfall": 0.5,
  "effects": {
    "foliage_color": 10387789,
    "grass_color": 9470285,
    "sky_color": -3342388,
    "fog_color": 12638463,
    "water_color": -13369600,
    "water_fog_color": 329011
  },
  "spawners": {
    "monster": [
      {
        "type": "arrow",
        "weight": 20,
        "minCount": 4,
        "maxCount": 100
      },
      {
        "type": "villager",
        "weight": 20,
        "minCount": 4,
        "maxCount": 100
      },
      {
        "type": "zombie",
        "weight": 20,
        "minCount": 1,
        "maxCount": 1
      }
    ],
    "creature": [
      {
        "type": "wither",
        "weight": 20,
        "minCount": 1,
        "maxCount": 4
      },
      {
        "type": "vindicator",
        "weight": 20,
        "minCount": 5,
        "maxCount": 5
      },
      {
        "type": "ender_dragon",
        "weight": 20,
        "minCount": 1,
        "maxCount": 4
      },
      {
        "type": "warden",
        "weight": 20,
        "minCount": 1,
        "maxCount": 4
      },
      {
        "type": "iron_golem",
        "weight": 20,
        "minCount": 20,
        "maxCount": 61
      }
    ],
    "ambient": [],
    "axolotls": [],
    "underground_water_creature": [],
    "water_creature": [],
    "water_ambient": [],
    "misc": []
  },
  "spawn_costs": {},
  "carvers": [
    "minecraft:cave",
    "minecraft:cave_extra_underground",
    "minecraft:canyon"
  ],
  "features": [
    [],
    [
      "minecraft:lake_lava_underground"
    ],
    [],
    [],
    [],
    [],
    [
      "minecraft:ore_coal_upper",
      "minecraft:ore_coal_lower",
      "minecraft:ore_iron_upper",
      "minecraft:ore_iron_middle",
      "minecraft:ore_iron_small",
      "minecraft:ore_gold",
      "minecraft:ore_gold_lower",
      "minecraft:ore_redstone",
      "minecraft:ore_redstone_lower",
      "minecraft:ore_diamond",
      "minecraft:ore_diamond_medium",
      "minecraft:ore_diamond_large",
      "minecraft:ore_diamond_buried",
      "minecraft:ore_lapis",
      "minecraft:ore_lapis_buried",
      "minecraft:ore_copper",
      "minecraft:underwater_magma"
    ],
    [],
    [],
    [
      "fitzwilliam_mc_modder_gamers:bn_tree"
    ],
    [
      "minecraft:freeze_top_layer"
    ]
  ]
}