{
  "_fv": 79,
  "_type": "recipe",
  "definition": {
    "recipeType": "Smelting",
    "recipeRetstackSize": 1,
    "group": "",
    "unlockingItems": [
      {
        "value": "CUSTOM:Rainbowdrop"
      }
    ],
    "cookingBookCategory": "MISC",
    "xpReward": 10.0,
    "cookingTime": 250,
    "craftingBookCategory": "MISC",
    "recipeShapeless": false,
    "smeltingInputStack": {
      "value": "CUSTOM:Rainbowdrop"
    },
    "smeltingReturnStack": {
      "value": "CUSTOM:Wateringot"
    },
    "name": "waterwaveingot",
    "namespace": "mod"
  }
}