{
  "_fv": 79,
  "_type": "biome",
  "definition": {
    "name": "Wave Biome 2",
    "groundBlock": {
      "value": "CUSTOM:Waveblock"
    },
    "undergroundBlock": {
      "value": "CUSTOM:Wavelog"
    },
    "underwaterBlock": {
      "value": "CUSTOM:Waveclay"
    },
    "airColor": {
      "value": -3342337,
      "falpha": 0.0
    },
    "fogColor": {
      "value": -10027111,
      "falpha": 0.0
    },
    "grassColor": {
      "value": -10027009,
      "falpha": 0.0
    },
    "foliageColor": {
      "value": -6684673,
      "falpha": 0.0
    },
    "waterColor": {
      "value": -10066177,
      "falpha": 0.0
    },
    "waterFogColor": {
      "value": -13421569,
      "falpha": 0.0
    },
    "ambientSound": {
      "value": ""
    },
    "additionsSound": {
      "value": ""
    },
    "music": {
      "value": ""
    },
    "moodSound": {
      "value": ""
    },
    "moodSoundDelay": 6000,
    "spawnParticles": false,
    "particleToSpawn": {
      "value": "ASH"
    },
    "particlesProbability": 0.5,
    "rainingPossibility": 0.5,
    "temperature": 0.5,
    "spawnBiome": true,
    "spawnInCaves": false,
    "spawnBiomeNether": false,
    "genTemperature": {
      "min": -2.0,
      "max": 2.0
    },
    "genHumidity": {
      "min": -2.0,
      "max": 2.0
    },
    "genContinentalness": {
      "min": 0.3,
      "max": 1.0
    },
    "genErosion": {
      "min": -0.5,
      "max": 0.5
    },
    "genWeirdness": {
      "min": -1.0,
      "max": 1.0
    },
    "treesPerChunk": 2,
    "vanillaTreeType": "Big trees",
    "treeType": 1,
    "minHeight": 7,
    "treeStem": {
      "value": "CUSTOM:Wavelog"
    },
    "treeBranch": {
      "value": "CUSTOM:WAVELEAVES"
    },
    "treeVines": {
      "value": ""
    },
    "treeFruits": {
      "value": ""
    },
    "defaultFeatures": [
      "Caves",
      "Ores",
      "FrozenTopLayer"
    ],
    "spawnStronghold": false,
    "spawnMineshaft": false,
    "spawnMineshaftMesa": false,
    "spawnPillagerOutpost": false,
    "villageType": "none",
    "spawnWoodlandMansion": false,
    "spawnJungleTemple": false,
    "spawnDesertPyramid": false,
    "spawnSwampHut": false,
    "spawnIgloo": false,
    "spawnOceanMonument": false,
    "spawnShipwreck": false,
    "spawnShipwreckBeached": false,
    "spawnBuriedTreasure": false,
    "oceanRuinType": "NONE",
    "spawnNetherBridge": false,
    "spawnNetherFossil": false,
    "spawnBastionRemnant": false,
    "spawnEndCity": false,
    "spawnRuinedPortal": "NONE",
    "spawnEntries": []
  }
}