{
  "_fv": 79,
  "_type": "dimension",
  "definition": {
    "biomesInDimension": [
      {
        "value": "river"
      },
      {
        "value": "cold_ocean"
      },
      {
        "value": "CUSTOM:WaveBiome2"
      }
    ],
    "worldGenType": "Nether like gen",
    "mainFillerBlock": {
      "value": "CUSTOM:Waveblock"
    },
    "fluidBlock": {
      "value": "Blocks.BUBBLE_COLUMN"
    },
    "seaLevel": 41,
    "generateOreVeins": true,
    "generateAquifers": true,
    "horizontalNoiseSize": 4,
    "verticalNoiseSize": 4,
    "defaultEffects": "overworld",
    "useCustomEffects": true,
    "hasClouds": true,
    "cloudHeight": 197.5,
    "skyType": "END",
    "airColor": {
      "value": -13421569,
      "falpha": 0.0
    },
    "sunHeightAffectsFog": true,
    "canRespawnHere": true,
    "hasFog": true,
    "ambientLight": 0.3,
    "doesWaterVaporize": false,
    "hasFixedTime": false,
    "fixedTimeValue": 0,
    "coordinateScale": 1.0,
    "infiniburnTag": "minecraft:infiniburn_overworld",
    "bedWorks": true,
    "hasSkyLight": false,
    "imitateOverworldBehaviour": true,
    "piglinSafe": true,
    "hasRaids": false,
    "minMonsterSpawnLightLimit": 1,
    "maxMonsterSpawnLightLimit": 4,
    "monsterSpawnBlockLightLimit": 13,
    "portalFrame": {
      "value": "CUSTOM:Rainbowrock"
    },
    "portalParticles": {
      "value": "PORTAL"
    },
    "portalLuminance": 15,
    "portalSound": {
      "value": "block.portal.ambient"
    },
    "enableIgniter": true,
    "igniterName": "Wavedimension Portal Igniter",
    "igniterRarity": "COMMON",
    "specialInformation": {
      "fixedValue": []
    },
    "creativeTabs": [
      {
        "value": "TOOLS"
      }
    ],
    "texture": "minecraft:flint_and_steel",
    "portalTexture": "rainbowrock",
    "enablePortal": true
  }
}