{
  "parent": "block/cube",
  "textures": {
    "down": "fern_mc_modder_gamers:block/moonlitgrassbottem",
    "up": "fern_mc_modder_gamers:block/moonlitgrasstop",
    "north": "fern_mc_modder_gamers:block/moonlitgrassside",
    "east": "fern_mc_modder_gamers:block/moonlitgrassside",
    "south": "fern_mc_modder_gamers:block/moonlitgrassside",
    "west": "fern_mc_modder_gamers:block/moonlitgrassside",
    "particle": "fern_mc_modder_gamers:block/moonlitgrassbottem"
  },
  "render_type": "solid"
}