{
  "parent": "block/cube",
  "textures": {
    "down": "fern_mc_modder_gamers:block/scratchgrassbottem",
    "up": "fern_mc_modder_gamers:block/scratchgrasstop",
    "north": "fern_mc_modder_gamers:block/scratchgrassside",
    "east": "fern_mc_modder_gamers:block/scratchgrassside",
    "south": "fern_mc_modder_gamers:block/scratchgrassside",
    "west": "fern_mc_modder_gamers:block/scratchgrassside",
    "particle": "fern_mc_modder_gamers:block/scratchgrassbottem"
  },
  "render_type": "solid"
}