{
  "parent": "block/cube",
  "textures": {
    "down": "javier_mc_modder_gamers:block/lblue_underwater",
    "up": "javier_mc_modder_gamers:block/lblue_underwater",
    "north": "javier_mc_modder_gamers:block/lblue_underwater",
    "east": "javier_mc_modder_gamers:block/lblue_underwater",
    "south": "javier_mc_modder_gamers:block/lblue_underwater",
    "west": "javier_mc_modder_gamers:block/lblue_underwater",
    "particle": "javier_mc_modder_gamers:block/lblue_underwater"
  },
  "render_type": "solid"
}