{
  "parent": "minecraft:recipes/root",
  "criteria": {
    "has_the_recipe": {
      "conditions": {
        "recipe": "javier_mc_modder_gamers:br"
      },
      "trigger": "minecraft:recipe_unlocked"
    },
    "has_ingredient_0": {
      "conditions": {
        "items": [
          {
            "items": "minecraft:oak_wood"
          }
        ]
      },
      "trigger": "minecraft:inventory_changed"
    },
    "has_ingredient_1": {
      "conditions": {
        "items": [
          {
            "items": "minecraft:grass_block"
          }
        ]
      },
      "trigger": "minecraft:inventory_changed"
    }
  },
  "requirements": [
    [
      "has_the_recipe",
      "has_ingredient_0",
      "has_ingredient_1"
    ]
  ],
  "rewards": {
    "recipes": [
      "javier_mc_modder_gamers:br"
    ]
  }
}