{
  "parent": "minecraft:recipes/root",
  "criteria": {
    "has_the_recipe": {
      "conditions": {
        "recipe": "javier_mc_modder_gamers:facesrecipe"
      },
      "trigger": "minecraft:recipe_unlocked"
    },
    "has_ingredient_0": {
      "conditions": {
        "items": [
          {
            "items": "minecraft:diamond_ore"
          }
        ]
      },
      "trigger": "minecraft:inventory_changed"
    },
    "has_ingredient_1": {
      "conditions": {
        "items": [
          {
            "items": "minecraft:emerald_ore"
          }
        ]
      },
      "trigger": "minecraft:inventory_changed"
    },
    "has_ingredient_2": {
      "conditions": {
        "items": [
          {
            "items": "minecraft:gold_ore"
          }
        ]
      },
      "trigger": "minecraft:inventory_changed"
    },
    "has_ingredient_3": {
      "conditions": {
        "items": [
          {
            "items": "minecraft:redstone_ore"
          }
        ]
      },
      "trigger": "minecraft:inventory_changed"
    },
    "has_ingredient_4": {
      "conditions": {
        "items": [
          {
            "items": "minecraft:lapis_ore"
          }
        ]
      },
      "trigger": "minecraft:inventory_changed"
    }
  },
  "requirements": [
    [
      "has_the_recipe",
      "has_ingredient_0",
      "has_ingredient_1",
      "has_ingredient_2",
      "has_ingredient_3",
      "has_ingredient_4"
    ]
  ],
  "rewards": {
    "recipes": [
      "javier_mc_modder_gamers:facesrecipe"
    ]
  }
}